-- MariaDB dump 10.19  Distrib 10.6.4-MariaDB, for Win64 (AMD64)
--
-- Host: 10.92.176.57    Database: pidvn
-- ------------------------------------------------------
-- Server version	10.5.9-MariaDB

/*!40101 SET @OLD_CHARACTER_SET_CLIENT=@@CHARACTER_SET_CLIENT */;
/*!40101 SET @OLD_CHARACTER_SET_RESULTS=@@CHARACTER_SET_RESULTS */;
/*!40101 SET @OLD_COLLATION_CONNECTION=@@COLLATION_CONNECTION */;
/*!40101 SET NAMES utf8 */;
/*!40103 SET @OLD_TIME_ZONE=@@TIME_ZONE */;
/*!40103 SET TIME_ZONE='+00:00' */;
/*!40014 SET @OLD_UNIQUE_CHECKS=@@UNIQUE_CHECKS, UNIQUE_CHECKS=0 */;
/*!40014 SET @OLD_FOREIGN_KEY_CHECKS=@@FOREIGN_KEY_CHECKS, FOREIGN_KEY_CHECKS=0 */;
/*!40101 SET @OLD_SQL_MODE=@@SQL_MODE, SQL_MODE='NO_AUTO_VALUE_ON_ZERO' */;
/*!40111 SET @OLD_SQL_NOTES=@@SQL_NOTES, SQL_NOTES=0 */;

--
-- Table structure for table `oqc_data_file`
--

DROP TABLE IF EXISTS `oqc_data_file`;
/*!40101 SET @saved_cs_client     = @@character_set_client */;
/*!40101 SET character_set_client = utf8 */;
CREATE TABLE `oqc_data_file` (
  `id` int(11) NOT NULL AUTO_INCREMENT,
  `req_no` varchar(45) DEFAULT NULL,
  `file_format` varchar(100) DEFAULT NULL,
  `url` varchar(250) DEFAULT NULL,
  `file_name` varchar(45) DEFAULT NULL,
  `created_at` timestamp NULL DEFAULT NULL,
  `updated_at` timestamp NULL DEFAULT NULL,
  `created_by` varchar(8) DEFAULT NULL,
  PRIMARY KEY (`id`)
) ENGINE=InnoDB AUTO_INCREMENT=145 DEFAULT CHARSET=utf8;
/*!40101 SET character_set_client = @saved_cs_client */;

--
-- Dumping data for table `oqc_data_file`
--

LOCK TABLES `oqc_data_file` WRITE;
/*!40000 ALTER TABLE `oqc_data_file` DISABLE KEYS */;
INSERT INTO `oqc_data_file` VALUES (1,'ROQC-2023-03-21-15','application/vnd.openxmlformats-officedocument.spreadsheetml.sheet','P:\\IS\\CanhHung\\FDCS\\QA\\OQC\\Relay\\ROQC-2023-03-21-15\\','Data_2023-03-22_06-16.xlsx','2023-03-21 23:16:45','2023-03-21 23:16:45','3008366'),(2,'ROQC-2023-03-21-15','application/vnd.openxmlformats-officedocument.spreadsheetml.sheet','P:\\IS\\CanhHung\\FDCS\\QA\\OQC\\Relay\\ROQC-2023-03-21-15\\','Data_2023-03-22_06-17.xlsx','2023-03-21 23:17:02','2023-03-21 23:17:02','3008366'),(3,'ROQC-2023-03-21-13','application/vnd.openxmlformats-officedocument.spreadsheetml.sheet','P:\\IS\\CanhHung\\FDCS\\QA\\OQC\\Relay\\ROQC-2023-03-21-13\\','Data_2023-03-22_06-17.xlsx','2023-03-21 23:17:55','2023-03-21 23:17:55','3008366'),(4,'ROQC-2023-03-21-4','application/vnd.openxmlformats-officedocument.spreadsheetml.sheet','P:\\IS\\CanhHung\\FDCS\\QA\\OQC\\Relay\\ROQC-2023-03-21-4\\','Data_2023-03-22_06-26.xlsx','2023-03-21 23:26:40','2023-03-21 23:26:40','3008366'),(5,'ROQC-2023-03-21-5','application/vnd.openxmlformats-officedocument.spreadsheetml.sheet','P:\\IS\\CanhHung\\FDCS\\QA\\OQC\\Relay\\ROQC-2023-03-21-5\\','Data_2023-03-22_06-28.xlsx','2023-03-21 23:28:16','2023-03-21 23:28:16','3008366'),(6,'ROQC-2023-03-21-15','application/vnd.openxmlformats-officedocument.spreadsheetml.sheet','P:\\IS\\CanhHung\\FDCS\\QA\\OQC\\Relay\\ROQC-2023-03-21-15\\','Data_2023-03-22_07-37.xlsx','2023-03-22 00:37:46','2023-03-22 00:37:46','3011221'),(7,'ROQC-2023-03-21-13','application/vnd.openxmlformats-officedocument.spreadsheetml.sheet','P:\\IS\\CanhHung\\FDCS\\QA\\OQC\\Relay\\ROQC-2023-03-21-13\\','Data_2023-03-22_07-38.xlsx','2023-03-22 00:38:09','2023-03-22 00:38:09','3011221'),(8,'ROQC-2023-03-21-6','application/vnd.openxmlformats-officedocument.spreadsheetml.sheet','P:\\IS\\CanhHung\\FDCS\\QA\\OQC\\Relay\\ROQC-2023-03-21-6\\','Data_2023-03-22_08-36.xlsx','2023-03-22 01:36:28','2023-03-22 01:36:28','3001470'),(9,'ROQC-2023-03-21-14','application/vnd.openxmlformats-officedocument.spreadsheetml.sheet','P:\\IS\\CanhHung\\FDCS\\QA\\OQC\\Relay\\ROQC-2023-03-21-14\\','Data_2023-03-23_05-49.xlsx','2023-03-22 22:49:12','2023-03-22 22:49:12','3008366'),(10,'ROQC-2023-03-22-13','application/vnd.openxmlformats-officedocument.spreadsheetml.sheet','P:\\IS\\CanhHung\\FDCS\\QA\\OQC\\Relay\\ROQC-2023-03-22-13\\','Data_2023-03-23_05-50.xlsx','2023-03-22 22:50:21','2023-03-22 22:50:21','3008366'),(11,'ROQC-2023-03-22-1','application/vnd.openxmlformats-officedocument.spreadsheetml.sheet','P:\\IS\\CanhHung\\FDCS\\QA\\OQC\\Relay\\ROQC-2023-03-22-1\\','Data_2023-03-23_05-53.xlsx','2023-03-22 22:53:54','2023-03-22 22:53:54','3008366'),(12,'ROQC-2023-03-21-9','application/vnd.openxmlformats-officedocument.spreadsheetml.sheet','P:\\IS\\CanhHung\\FDCS\\QA\\OQC\\Relay\\ROQC-2023-03-21-9\\','Data_2023-03-23_05-57.xlsx','2023-03-22 22:57:08','2023-03-22 22:57:08','3008366'),(13,'ROQC-2023-03-22-3','application/vnd.openxmlformats-officedocument.spreadsheetml.sheet','P:\\IS\\CanhHung\\FDCS\\QA\\OQC\\Relay\\ROQC-2023-03-22-3\\','Data_2023-03-23_06-00.xlsx','2023-03-22 23:00:07','2023-03-22 23:00:07','3008366'),(14,'ROQC-2023-03-22-9','application/vnd.openxmlformats-officedocument.spreadsheetml.sheet','P:\\IS\\CanhHung\\FDCS\\QA\\OQC\\Relay\\ROQC-2023-03-22-9\\','Data_2023-03-23_06-02.xlsx','2023-03-22 23:02:14','2023-03-22 23:02:14','3008366'),(15,'ROQC-2023-03-22-7','application/vnd.openxmlformats-officedocument.spreadsheetml.sheet','P:\\IS\\CanhHung\\FDCS\\QA\\OQC\\Relay\\ROQC-2023-03-22-7\\','Data_2023-03-23_06-52.xlsx','2023-03-22 23:52:21','2023-03-22 23:52:21','3008366'),(16,'ROQC-2023-03-23-17','application/vnd.openxmlformats-officedocument.spreadsheetml.sheet','P:\\IS\\CanhHung\\FDCS\\QA\\OQC\\Relay\\ROQC-2023-03-23-17\\','Data_2023-03-23_17-01.xlsx','2023-03-23 10:01:55','2023-03-23 10:01:55','3002561'),(17,'ROQC-2023-03-23-20','application/vnd.openxmlformats-officedocument.spreadsheetml.sheet','P:\\IS\\CanhHung\\FDCS\\QA\\OQC\\Relay\\ROQC-2023-03-23-20\\','Data_2023-03-23_17-02.xlsx','2023-03-23 10:02:20','2023-03-23 10:02:20','3002561'),(18,'ROQC-2023-03-23-18','application/vnd.openxmlformats-officedocument.spreadsheetml.sheet','P:\\IS\\CanhHung\\FDCS\\QA\\OQC\\Relay\\ROQC-2023-03-23-18\\','Data_2023-03-23_17-03.xlsx','2023-03-23 10:03:58','2023-03-23 10:03:58','3002561'),(19,'ROQC-2023-03-23-4','application/vnd.openxmlformats-officedocument.spreadsheetml.sheet','P:\\IS\\CanhHung\\FDCS\\QA\\OQC\\Relay\\ROQC-2023-03-23-4\\','Data_2023-03-23_17-05.xlsx','2023-03-23 10:05:26','2023-03-23 10:05:26','3002561'),(20,'ROQC-2023-03-22-4','application/vnd.openxmlformats-officedocument.spreadsheetml.sheet','P:\\IS\\CanhHung\\FDCS\\QA\\OQC\\Relay\\ROQC-2023-03-22-4\\','Data_2023-03-23_17-07.xlsx','2023-03-23 10:07:04','2023-03-23 10:07:04','3002561'),(21,'ROQC-2023-03-22-5','application/vnd.openxmlformats-officedocument.spreadsheetml.sheet','P:\\IS\\CanhHung\\FDCS\\QA\\OQC\\Relay\\ROQC-2023-03-22-5\\','Data_2023-03-23_17-08.xlsx','2023-03-23 10:08:04','2023-03-23 10:08:04','3002561'),(22,'ROQC-2023-03-21-8','application/vnd.openxmlformats-officedocument.spreadsheetml.sheet','P:\\IS\\CanhHung\\FDCS\\QA\\OQC\\Relay\\ROQC-2023-03-21-8\\','Data_2023-03-23_17-09.xlsx','2023-03-23 10:09:27','2023-03-23 10:09:27','3002561'),(23,'ROQC-2023-03-23-1','application/vnd.openxmlformats-officedocument.spreadsheetml.sheet','P:\\IS\\CanhHung\\FDCS\\QA\\OQC\\Relay\\ROQC-2023-03-23-1\\','Data_2023-03-23_17-11.xlsx','2023-03-23 10:11:46','2023-03-23 10:11:46','3002561'),(24,'ROQC-2023-03-22-11','application/vnd.openxmlformats-officedocument.spreadsheetml.sheet','P:\\IS\\CanhHung\\FDCS\\QA\\OQC\\Relay\\ROQC-2023-03-22-11\\','Data_2023-03-23_17-13.xlsx','2023-03-23 10:13:06','2023-03-23 10:13:06','3002561'),(25,'ROQC-2023-03-23-6','application/vnd.openxmlformats-officedocument.spreadsheetml.sheet','P:\\IS\\CanhHung\\FDCS\\QA\\OQC\\Relay\\ROQC-2023-03-23-6\\','Data_2023-03-23_17-14.xlsx','2023-03-23 10:14:01','2023-03-23 10:14:01','3002561'),(26,'ROQC-23-03-58','application/vnd.openxmlformats-officedocument.spreadsheetml.sheet','P:\\IS\\CanhHung\\FDCS\\QA\\OQC\\Relay\\ROQC-23-03-58\\','Data_2023-03-24_05-46.xlsx','2023-03-23 22:46:10','2023-03-23 22:46:10','3008366'),(27,'ROQC-23-03-50','application/vnd.openxmlformats-officedocument.spreadsheetml.sheet','P:\\IS\\CanhHung\\FDCS\\QA\\OQC\\Relay\\ROQC-23-03-50\\','Data_2023-03-24_05-47.xlsx','2023-03-23 22:47:01','2023-03-23 22:47:01','3008366'),(28,'ROQC-23-03-57','application/vnd.openxmlformats-officedocument.spreadsheetml.sheet','P:\\IS\\CanhHung\\FDCS\\QA\\OQC\\Relay\\ROQC-23-03-57\\','Data_2023-03-24_05-47.xlsx','2023-03-23 22:47:50','2023-03-23 22:47:50','3008366'),(29,'ROQC-2023-03-23-14','application/vnd.openxmlformats-officedocument.spreadsheetml.sheet','P:\\IS\\CanhHung\\FDCS\\QA\\OQC\\Relay\\ROQC-2023-03-23-14\\','Data_2023-03-24_05-53.xlsx','2023-03-23 22:53:43','2023-03-23 22:53:43','3008366'),(30,'ROQC-2023-03-23-15','application/vnd.openxmlformats-officedocument.spreadsheetml.sheet','P:\\IS\\CanhHung\\FDCS\\QA\\OQC\\Relay\\ROQC-2023-03-23-15\\','Data_2023-03-24_05-54.xlsx','2023-03-23 22:54:08','2023-03-23 22:54:08','3008366'),(31,'ROQC-23-03-52','application/vnd.openxmlformats-officedocument.spreadsheetml.sheet','P:\\IS\\CanhHung\\FDCS\\QA\\OQC\\Relay\\ROQC-23-03-52\\','Data_2023-03-24_05-54.xlsx','2023-03-23 22:54:56','2023-03-23 22:54:56','3008366'),(32,'ROQC-2023-03-23-11','application/vnd.openxmlformats-officedocument.spreadsheetml.sheet','P:\\IS\\CanhHung\\FDCS\\QA\\OQC\\Relay\\ROQC-2023-03-23-11\\','Data_2023-03-24_05-55.xlsx','2023-03-23 22:55:24','2023-03-23 22:55:24','3008366'),(33,'ROQC-2023-03-23-2','application/vnd.openxmlformats-officedocument.spreadsheetml.sheet','P:\\IS\\CanhHung\\FDCS\\QA\\OQC\\Relay\\ROQC-2023-03-23-2\\','Data_2023-03-24_05-57.xlsx','2023-03-23 22:57:29','2023-03-23 22:57:29','3008366'),(34,'ROQC-2023-03-23-8','application/vnd.openxmlformats-officedocument.spreadsheetml.sheet','P:\\IS\\CanhHung\\FDCS\\QA\\OQC\\Relay\\ROQC-2023-03-23-8\\','Data_2023-03-24_05-58.xlsx','2023-03-23 22:58:00','2023-03-23 22:58:00','3008366'),(35,'ROQC-2023-03-21-7','application/vnd.openxmlformats-officedocument.spreadsheetml.sheet','P:\\IS\\CanhHung\\FDCS\\QA\\OQC\\Relay\\ROQC-2023-03-21-7\\','Data_2023-03-24_05-59.xlsx','2023-03-23 22:59:43','2023-03-23 22:59:43','3008366'),(36,'ROQC-2023-03-23-7','application/vnd.openxmlformats-officedocument.spreadsheetml.sheet','P:\\IS\\CanhHung\\FDCS\\QA\\OQC\\Relay\\ROQC-2023-03-23-7\\','Data_2023-03-24_06-01.xlsx','2023-03-23 23:01:04','2023-03-23 23:01:04','3008366'),(37,'ROQC-2023-03-22-12','application/vnd.openxmlformats-officedocument.spreadsheetml.sheet','P:\\IS\\CanhHung\\FDCS\\QA\\OQC\\Relay\\ROQC-2023-03-22-12\\','Data_2023-03-24_06-02.xlsx','2023-03-23 23:02:01','2023-03-23 23:02:01','3008366'),(38,'ROQC-2023-03-22-2','application/vnd.openxmlformats-officedocument.spreadsheetml.sheet','P:\\IS\\CanhHung\\FDCS\\QA\\OQC\\Relay\\ROQC-2023-03-22-2\\','Data_2023-03-24_06-02.xlsx','2023-03-23 23:02:26','2023-03-23 23:02:26','3008366'),(39,'ROQC-2023-03-23-9','application/vnd.openxmlformats-officedocument.spreadsheetml.sheet','P:\\IS\\CanhHung\\FDCS\\QA\\OQC\\Relay\\ROQC-2023-03-23-9\\','Data_2023-03-24_06-03.xlsx','2023-03-23 23:03:29','2023-03-23 23:03:29','3008366'),(40,'ROQC-2023-03-23-3','application/vnd.openxmlformats-officedocument.spreadsheetml.sheet','P:\\IS\\CanhHung\\FDCS\\QA\\OQC\\Relay\\ROQC-2023-03-23-3\\','Data_2023-03-24_06-04.xlsx','2023-03-23 23:04:01','2023-03-23 23:04:01','3008366'),(41,'ROQC-2023-03-22-6','application/vnd.openxmlformats-officedocument.spreadsheetml.sheet','P:\\IS\\CanhHung\\FDCS\\QA\\OQC\\Relay\\ROQC-2023-03-22-6\\','Data_2023-03-24_06-05.xlsx','2023-03-23 23:05:12','2023-03-23 23:05:12','3008366'),(42,'ROQC-23-03-66','application/vnd.openxmlformats-officedocument.spreadsheetml.sheet','P:\\IS\\CanhHung\\FDCS\\QA\\OQC\\Relay\\ROQC-23-03-66\\','Data_2023-03-24_17-09.xlsx','2023-03-24 10:09:10','2023-03-24 10:09:10','3002561'),(43,'ROQC-23-03-55','application/vnd.openxmlformats-officedocument.spreadsheetml.sheet','P:\\IS\\CanhHung\\FDCS\\QA\\OQC\\Relay\\ROQC-23-03-55\\','Data_2023-03-24_17-11.xlsx','2023-03-24 10:11:49','2023-03-24 10:11:49','3002561'),(44,'ROQC-23-03-68','application/vnd.openxmlformats-officedocument.spreadsheetml.sheet','P:\\IS\\CanhHung\\FDCS\\QA\\OQC\\Relay\\ROQC-23-03-68\\','Data_2023-03-24_17-12.xlsx','2023-03-24 10:12:24','2023-03-24 10:12:24','3002561'),(45,'ROQC-2023-03-23-10','application/vnd.openxmlformats-officedocument.spreadsheetml.sheet','P:\\IS\\CanhHung\\FDCS\\QA\\OQC\\Relay\\ROQC-2023-03-23-10\\','Data_2023-03-24_17-14.xlsx','2023-03-24 10:14:55','2023-03-24 10:14:55','3002561'),(46,'ROQC-23-03-61','application/vnd.openxmlformats-officedocument.spreadsheetml.sheet','P:\\IS\\CanhHung\\FDCS\\QA\\OQC\\Relay\\ROQC-23-03-61\\','Data_2023-03-24_17-16.xlsx','2023-03-24 10:16:01','2023-03-24 10:16:01','3002561'),(47,'ROQC-23-03-56','application/vnd.openxmlformats-officedocument.spreadsheetml.sheet','P:\\IS\\CanhHung\\FDCS\\QA\\OQC\\Relay\\ROQC-23-03-56\\','Data_2023-03-24_17-16.xlsx','2023-03-24 10:16:55','2023-03-24 10:16:55','3002561'),(48,'ROQC-2023-03-23-5','application/vnd.openxmlformats-officedocument.spreadsheetml.sheet','P:\\IS\\CanhHung\\FDCS\\QA\\OQC\\Relay\\ROQC-2023-03-23-5\\','Data_2023-03-24_17-20.xlsx','2023-03-24 10:20:08','2023-03-24 10:20:08','3002561'),(49,'ROQC-2023-03-23-16','application/vnd.openxmlformats-officedocument.spreadsheetml.sheet','P:\\IS\\CanhHung\\FDCS\\QA\\OQC\\Relay\\ROQC-2023-03-23-16\\','Data_2023-03-24_17-22.xlsx','2023-03-24 10:22:58','2023-03-24 10:22:58','3002561'),(50,'ROQC-23-03-54','application/vnd.openxmlformats-officedocument.spreadsheetml.sheet','P:\\IS\\CanhHung\\FDCS\\QA\\OQC\\Relay\\ROQC-23-03-54\\','Data_2023-03-24_17-23.xlsx','2023-03-24 10:23:41','2023-03-24 10:23:41','3002561'),(51,'ROQC-2023-03-21-2','application/vnd.openxmlformats-officedocument.spreadsheetml.sheet','P:\\IS\\CanhHung\\FDCS\\QA\\OQC\\Relay\\ROQC-2023-03-21-2\\','Data_2023-03-24_17-24.xlsx','2023-03-24 10:24:37','2023-03-24 10:24:37','3002561'),(52,'ROQC-2023-03-21-3','application/vnd.openxmlformats-officedocument.spreadsheetml.sheet','P:\\IS\\CanhHung\\FDCS\\QA\\OQC\\Relay\\ROQC-2023-03-21-3\\','Data_2023-03-24_17-26.xlsx','2023-03-24 10:26:22','2023-03-24 10:26:22','3002561'),(53,'ROQC-23-03-69','application/vnd.openxmlformats-officedocument.spreadsheetml.sheet','P:\\IS\\CanhHung\\FDCS\\QA\\OQC\\Relay\\ROQC-23-03-69\\','Data_2023-03-25_05-52.xlsx','2023-03-24 22:52:53','2023-03-24 22:52:53','3008366'),(54,'ROQC-23-03-79','application/vnd.openxmlformats-officedocument.spreadsheetml.sheet','P:\\IS\\CanhHung\\FDCS\\QA\\OQC\\Relay\\ROQC-23-03-79\\','Data_2023-03-25_05-53.xlsx','2023-03-24 22:53:55','2023-03-24 22:53:55','3008366'),(55,'ROQC-23-03-65','application/vnd.openxmlformats-officedocument.spreadsheetml.sheet','P:\\IS\\CanhHung\\FDCS\\QA\\OQC\\Relay\\ROQC-23-03-65\\','Data_2023-03-25_05-54.xlsx','2023-03-24 22:54:52','2023-03-24 22:54:52','3008366'),(56,'ROQC-2023-03-22-15','application/vnd.openxmlformats-officedocument.spreadsheetml.sheet','P:\\IS\\CanhHung\\FDCS\\QA\\OQC\\Relay\\ROQC-2023-03-22-15\\','Data_2023-03-25_05-55.xlsx','2023-03-24 22:55:55','2023-03-24 22:55:55','3008366'),(57,'ROQC-23-03-63','application/vnd.openxmlformats-officedocument.spreadsheetml.sheet','P:\\IS\\CanhHung\\FDCS\\QA\\OQC\\Relay\\ROQC-23-03-63\\','Data_2023-03-25_06-00.xlsx','2023-03-24 23:00:38','2023-03-24 23:00:38','3008366'),(58,'ROQC-23-03-62','application/vnd.openxmlformats-officedocument.spreadsheetml.sheet','P:\\IS\\CanhHung\\FDCS\\QA\\OQC\\Relay\\ROQC-23-03-62\\','Data_2023-03-25_06-01.xlsx','2023-03-24 23:01:01','2023-03-24 23:01:01','3008366'),(59,'ROQC-23-03-60','application/vnd.openxmlformats-officedocument.spreadsheetml.sheet','P:\\IS\\CanhHung\\FDCS\\QA\\OQC\\Relay\\ROQC-23-03-60\\','Data_2023-03-25_06-01.xlsx','2023-03-24 23:01:26','2023-03-24 23:01:26','3008366'),(60,'ROQC-23-03-72','application/vnd.openxmlformats-officedocument.spreadsheetml.sheet','P:\\IS\\CanhHung\\FDCS\\QA\\OQC\\Relay\\ROQC-23-03-72\\','Data_2023-03-25_06-02.xlsx','2023-03-24 23:02:07','2023-03-24 23:02:07','3008366'),(61,'ROQC-23-03-71','application/vnd.openxmlformats-officedocument.spreadsheetml.sheet','P:\\IS\\CanhHung\\FDCS\\QA\\OQC\\Relay\\ROQC-23-03-71\\','Data_2023-03-25_06-02.xlsx','2023-03-24 23:02:34','2023-03-24 23:02:34','3008366'),(62,'ROQC-23-03-70','application/vnd.openxmlformats-officedocument.spreadsheetml.sheet','P:\\IS\\CanhHung\\FDCS\\QA\\OQC\\Relay\\ROQC-23-03-70\\','Data_2023-03-25_17-27.xlsx','2023-03-25 10:27:07','2023-03-25 10:27:07','3002561'),(63,'ROQC-23-03-81','application/vnd.openxmlformats-officedocument.spreadsheetml.sheet','P:\\IS\\CanhHung\\FDCS\\QA\\OQC\\Relay\\ROQC-23-03-81\\','Data_2023-03-25_17-27.xlsx','2023-03-25 10:27:51','2023-03-25 10:27:51','3002561'),(64,'ROQC-23-03-67','application/vnd.openxmlformats-officedocument.spreadsheetml.sheet','P:\\IS\\CanhHung\\FDCS\\QA\\OQC\\Relay\\ROQC-23-03-67\\','Data_2023-03-25_17-28.xlsx','2023-03-25 10:28:17','2023-03-25 10:28:17','3002561'),(65,'ROQC-23-03-84','application/vnd.openxmlformats-officedocument.spreadsheetml.sheet','P:\\IS\\CanhHung\\FDCS\\QA\\OQC\\Relay\\ROQC-23-03-84\\','Data_2023-03-25_17-28.xlsx','2023-03-25 10:28:41','2023-03-25 10:28:41','3002561'),(66,'ROQC-23-03-93','application/vnd.openxmlformats-officedocument.spreadsheetml.sheet','P:\\IS\\CanhHung\\FDCS\\QA\\OQC\\Relay\\ROQC-23-03-93\\','Data_2023-03-25_17-29.xlsx','2023-03-25 10:29:13','2023-03-25 10:29:13','3002561'),(67,'ROQC-23-03-83','application/vnd.openxmlformats-officedocument.spreadsheetml.sheet','P:\\IS\\CanhHung\\FDCS\\QA\\OQC\\Relay\\ROQC-23-03-83\\','Data_2023-03-25_17-29.xlsx','2023-03-25 10:29:51','2023-03-25 10:29:51','3002561'),(68,'ROQC-23-03-76','application/vnd.openxmlformats-officedocument.spreadsheetml.sheet','P:\\IS\\CanhHung\\FDCS\\QA\\OQC\\Relay\\ROQC-23-03-76\\','Data_2023-03-25_17-30.xlsx','2023-03-25 10:30:22','2023-03-25 10:30:22','3002561'),(69,'ROQC-23-03-78','application/vnd.openxmlformats-officedocument.spreadsheetml.sheet','P:\\IS\\CanhHung\\FDCS\\QA\\OQC\\Relay\\ROQC-23-03-78\\','Data_2023-03-25_17-30.xlsx','2023-03-25 10:30:45','2023-03-25 10:30:45','3002561'),(70,'ROQC-23-03-88','application/vnd.openxmlformats-officedocument.spreadsheetml.sheet','P:\\IS\\CanhHung\\FDCS\\QA\\OQC\\Relay\\ROQC-23-03-88\\','Data_2023-03-26_06-38.xlsx','2023-03-25 23:38:07','2023-03-25 23:38:07','3001470'),(71,'ROQC-23-03-89','application/vnd.openxmlformats-officedocument.spreadsheetml.sheet','P:\\IS\\CanhHung\\FDCS\\QA\\OQC\\Relay\\ROQC-23-03-89\\','Data_2023-03-26_06-41.xlsx','2023-03-25 23:41:56','2023-03-25 23:41:56','3001470'),(72,'ROQC-2023-03-22-10','application/vnd.openxmlformats-officedocument.spreadsheetml.sheet','P:\\IS\\CanhHung\\FDCS\\QA\\OQC\\Relay\\ROQC-2023-03-22-10\\','Data_2023-03-26_06-43.xlsx','2023-03-25 23:43:15','2023-03-25 23:43:15','3001470'),(73,'ROQC-2023-03-22-10','application/vnd.openxmlformats-officedocument.spreadsheetml.sheet','P:\\IS\\CanhHung\\FDCS\\QA\\OQC\\Relay\\ROQC-2023-03-22-10\\','Data_2023-03-26_06-44.xlsx','2023-03-25 23:44:22','2023-03-25 23:44:22','3001470'),(74,'ROQC-23-03-106','application/vnd.openxmlformats-officedocument.spreadsheetml.sheet','P:\\IS\\CanhHung\\FDCS\\QA\\OQC\\Relay\\ROQC-23-03-106\\','Data_2023-03-26_06-47.xlsx','2023-03-25 23:47:32','2023-03-25 23:47:32','3001470'),(75,'ROQC-23-03-98','application/vnd.openxmlformats-officedocument.spreadsheetml.sheet','P:\\IS\\CanhHung\\FDCS\\QA\\OQC\\Relay\\ROQC-23-03-98\\','Data_2023-03-26_19-18.xlsx','2023-03-26 12:18:55','2023-03-26 12:18:55','3001470'),(76,'ROQC-23-03-64','application/vnd.openxmlformats-officedocument.spreadsheetml.sheet','P:\\IS\\CanhHung\\FDCS\\QA\\OQC\\Relay\\ROQC-23-03-64\\','Data_2023-03-26_19-20.xlsx','2023-03-26 12:20:15','2023-03-26 12:20:15','3001470'),(77,'ROQC-23-03-96','application/vnd.openxmlformats-officedocument.spreadsheetml.sheet','P:\\IS\\CanhHung\\FDCS\\QA\\OQC\\Relay\\ROQC-23-03-96\\','Data_2023-03-26_19-21.xlsx','2023-03-26 12:21:19','2023-03-26 12:21:19','3001470'),(78,'ROQC-23-03-95','application/vnd.openxmlformats-officedocument.spreadsheetml.sheet','P:\\IS\\CanhHung\\FDCS\\QA\\OQC\\Relay\\ROQC-23-03-95\\','Data_2023-03-26_19-22.xlsx','2023-03-26 12:22:45','2023-03-26 12:22:45','3001470'),(79,'ROQC-23-03-102','application/vnd.openxmlformats-officedocument.spreadsheetml.sheet','P:\\IS\\CanhHung\\FDCS\\QA\\OQC\\Relay\\ROQC-23-03-102\\','Data_2023-03-27_06-22.xlsx','2023-03-26 23:22:23','2023-03-26 23:22:23','3001470'),(80,'ROQC-23-03-117','application/vnd.openxmlformats-officedocument.spreadsheetml.sheet','P:\\IS\\CanhHung\\FDCS\\QA\\OQC\\Relay\\ROQC-23-03-117\\','Data_2023-03-27_06-24.xlsx','2023-03-26 23:24:45','2023-03-26 23:24:45','3001470'),(81,'ROQC-23-03-110','application/vnd.openxmlformats-officedocument.spreadsheetml.sheet','P:\\IS\\CanhHung\\FDCS\\QA\\OQC\\Relay\\ROQC-23-03-110\\','Data_2023-03-27_06-25.xlsx','2023-03-26 23:25:46','2023-03-26 23:25:46','3001470'),(82,'ROQC-23-03-133','application/vnd.openxmlformats-officedocument.spreadsheetml.sheet','P:\\IS\\CanhHung\\FDCS\\QA\\OQC\\Relay\\ROQC-23-03-133\\','Data_2023-03-27_06-27.xlsx','2023-03-26 23:27:01','2023-03-26 23:27:01','3001470'),(83,'ROQC-23-03-137','application/vnd.openxmlformats-officedocument.spreadsheetml.sheet','P:\\IS\\CanhHung\\FDCS\\QA\\OQC\\Relay\\ROQC-23-03-137\\','Data_2023-03-27_06-27.xlsx','2023-03-26 23:27:50','2023-03-26 23:27:50','3001470'),(84,'ROQC-23-03-135','application/vnd.openxmlformats-officedocument.spreadsheetml.sheet','P:\\IS\\CanhHung\\FDCS\\QA\\OQC\\Relay\\ROQC-23-03-135\\','Data_2023-03-27_06-28.xlsx','2023-03-26 23:28:37','2023-03-26 23:28:37','3001470'),(85,'ROQC-23-03-132','application/vnd.openxmlformats-officedocument.spreadsheetml.sheet','P:\\IS\\CanhHung\\FDCS\\QA\\OQC\\Relay\\ROQC-23-03-132\\','Data_2023-03-27_06-29.xlsx','2023-03-26 23:29:50','2023-03-26 23:29:50','3001470'),(86,'ROQC-23-03-129','application/vnd.openxmlformats-officedocument.spreadsheetml.sheet','P:\\IS\\CanhHung\\FDCS\\QA\\OQC\\Relay\\ROQC-23-03-129\\','Data_2023-03-27_06-31.xlsx','2023-03-26 23:31:31','2023-03-26 23:31:31','3001470'),(87,'ROQC-23-03-113','application/vnd.openxmlformats-officedocument.spreadsheetml.sheet','P:\\IS\\CanhHung\\FDCS\\QA\\OQC\\Relay\\ROQC-23-03-113\\','Data_2023-03-27_06-32.xlsx','2023-03-26 23:32:36','2023-03-26 23:32:36','3001470'),(88,'ROQC-23-03-113','application/vnd.openxmlformats-officedocument.spreadsheetml.sheet','P:\\IS\\CanhHung\\FDCS\\QA\\OQC\\Relay\\ROQC-23-03-113\\','Data_2023-03-27_06-32.xlsx','2023-03-26 23:32:50','2023-03-26 23:32:50','3001470'),(89,'ROQC-23-03-122','application/vnd.openxmlformats-officedocument.spreadsheetml.sheet','P:\\IS\\CanhHung\\FDCS\\QA\\OQC\\Relay\\ROQC-23-03-122\\','Data_2023-03-27_06-35.xlsx','2023-03-26 23:35:02','2023-03-26 23:35:02','3001470'),(90,'ROQC-23-03-123','application/vnd.openxmlformats-officedocument.spreadsheetml.sheet','P:\\IS\\CanhHung\\FDCS\\QA\\OQC\\Relay\\ROQC-23-03-123\\','Data_2023-03-27_07-54.xlsx','2023-03-27 00:54:05','2023-03-27 00:54:05','3008366'),(91,'ROQC-2023-03-22-6','application/vnd.openxmlformats-officedocument.spreadsheetml.sheet','P:\\IS\\CanhHung\\FDCS\\QA\\OQC\\Relay\\ROQC-2023-03-22-6\\','Data_2023-03-27_17-21.xlsx','2023-03-27 10:22:00','2023-03-27 10:22:00','3002417'),(92,'ROQC-2023-03-22-10','application/vnd.openxmlformats-officedocument.spreadsheetml.sheet','P:\\IS\\CanhHung\\FDCS\\QA\\OQC\\Relay\\ROQC-2023-03-22-10\\','Data_2023-03-27_17-23.xlsx','2023-03-27 10:23:16','2023-03-27 10:23:16','3002417'),(93,'ROQC-2023-03-23-3','application/vnd.openxmlformats-officedocument.spreadsheetml.sheet','P:\\IS\\CanhHung\\FDCS\\QA\\OQC\\Relay\\ROQC-2023-03-23-3\\','Data_2023-03-27_17-23.xlsx','2023-03-27 10:23:58','2023-03-27 10:23:58','3002417'),(94,'ROQC-2023-03-23-9','application/vnd.openxmlformats-officedocument.spreadsheetml.sheet','P:\\IS\\CanhHung\\FDCS\\QA\\OQC\\Relay\\ROQC-2023-03-23-9\\','Data_2023-03-27_17-24.xlsx','2023-03-27 10:24:26','2023-03-27 10:24:26','3002417'),(95,'ROQC-23-03-118','application/vnd.openxmlformats-officedocument.spreadsheetml.sheet','P:\\IS\\CanhHung\\FDCS\\QA\\OQC\\Relay\\ROQC-23-03-118\\','Data_2023-03-27_17-36.xlsx','2023-03-27 10:36:42','2023-03-27 10:36:42','3008366'),(96,'ROQC-23-03-109','application/vnd.openxmlformats-officedocument.spreadsheetml.sheet','P:\\IS\\CanhHung\\FDCS\\QA\\OQC\\Relay\\ROQC-23-03-109\\','Data_2023-03-27_17-37.xlsx','2023-03-27 10:37:45','2023-03-27 10:37:45','3008366'),(97,'ROQC-23-03-112','application/vnd.openxmlformats-officedocument.spreadsheetml.sheet','P:\\IS\\CanhHung\\FDCS\\QA\\OQC\\Relay\\ROQC-23-03-112\\','Data_2023-03-27_17-38.xlsx','2023-03-27 10:38:25','2023-03-27 10:38:25','3008366'),(98,'ROQC-23-03-138','application/vnd.openxmlformats-officedocument.spreadsheetml.sheet','P:\\IS\\CanhHung\\FDCS\\QA\\OQC\\Relay\\ROQC-23-03-138\\','Data_2023-03-27_17-39.xlsx','2023-03-27 10:39:08','2023-03-27 10:39:08','3008366'),(99,'ROQC-23-03-147','application/vnd.openxmlformats-officedocument.spreadsheetml.sheet','P:\\IS\\CanhHung\\FDCS\\QA\\OQC\\Relay\\ROQC-23-03-147\\','Data_2023-03-27_17-40.xlsx','2023-03-27 10:40:21','2023-03-27 10:40:21','3008366'),(100,'ROQC-23-03-145','application/vnd.openxmlformats-officedocument.spreadsheetml.sheet','P:\\IS\\CanhHung\\FDCS\\QA\\OQC\\Relay\\ROQC-23-03-145\\','Data_2023-03-27_17-40.xlsx','2023-03-27 10:40:48','2023-03-27 10:40:48','3008366'),(101,'ROQC-23-03-157','application/vnd.openxmlformats-officedocument.spreadsheetml.sheet','P:\\IS\\CanhHung\\FDCS\\QA\\OQC\\Relay\\ROQC-23-03-157\\','Data_2023-03-27_17-41.xlsx','2023-03-27 10:41:24','2023-03-27 10:41:24','3008366'),(102,'ROQC-23-03-143','application/vnd.openxmlformats-officedocument.spreadsheetml.sheet','P:\\IS\\CanhHung\\FDCS\\QA\\OQC\\Relay\\ROQC-23-03-143\\','Data_2023-03-27_17-42.xlsx','2023-03-27 10:42:41','2023-03-27 10:42:41','3008366'),(103,'ROQC-23-03-144','application/vnd.openxmlformats-officedocument.spreadsheetml.sheet','P:\\IS\\CanhHung\\FDCS\\QA\\OQC\\Relay\\ROQC-23-03-144\\','Data_2023-03-27_17-43.xlsx','2023-03-27 10:43:07','2023-03-27 10:43:07','3008366'),(104,'ROQC-23-03-120','application/vnd.openxmlformats-officedocument.spreadsheetml.sheet','P:\\IS\\CanhHung\\FDCS\\QA\\OQC\\Relay\\ROQC-23-03-120\\','Data_2023-03-27_17-43.xlsx','2023-03-27 10:43:39','2023-03-27 10:43:39','3008366'),(105,'ROQC-23-03-73','application/vnd.openxmlformats-officedocument.spreadsheetml.sheet','P:\\IS\\CanhHung\\FDCS\\QA\\OQC\\Relay\\ROQC-23-03-73\\','Data_2023-03-27_17-44.xlsx','2023-03-27 10:44:29','2023-03-27 10:44:29','3008366'),(106,'ROQC-23-03-103','application/vnd.openxmlformats-officedocument.spreadsheetml.sheet','P:\\IS\\CanhHung\\FDCS\\QA\\OQC\\Relay\\ROQC-23-03-103\\','Data_2023-03-27_17-45.xlsx','2023-03-27 10:45:42','2023-03-27 10:45:42','3008366'),(107,'ROQC-23-03-141','application/vnd.openxmlformats-officedocument.spreadsheetml.sheet','P:\\IS\\CanhHung\\FDCS\\QA\\OQC\\Relay\\ROQC-23-03-141\\','Data_2023-03-27_17-46.xlsx','2023-03-27 10:46:26','2023-03-27 10:46:26','3008366'),(108,'ROQC-2023-03-22-8','application/vnd.openxmlformats-officedocument.spreadsheetml.sheet','P:\\IS\\CanhHung\\FDCS\\QA\\OQC\\Relay\\ROQC-2023-03-22-8\\','Data_2023-03-27_17-48.xlsx','2023-03-27 10:48:26','2023-03-27 10:48:26','3008366'),(109,'ROQC-2023-03-23-13','application/vnd.openxmlformats-officedocument.spreadsheetml.sheet','P:\\IS\\CanhHung\\FDCS\\QA\\OQC\\Relay\\ROQC-2023-03-23-13\\','Data_2023-03-27_17-49.xlsx','2023-03-27 10:49:54','2023-03-27 10:49:54','3008366'),(110,'ROQC-23-03-97','application/vnd.openxmlformats-officedocument.spreadsheetml.sheet','P:\\IS\\CanhHung\\FDCS\\QA\\OQC\\Relay\\ROQC-23-03-97\\','Data_2023-03-28_06-21.xlsx','2023-03-27 23:21:17','2023-03-27 23:21:17','3001470'),(111,'ROQC-23-03-161','application/vnd.openxmlformats-officedocument.spreadsheetml.sheet','P:\\IS\\CanhHung\\FDCS\\QA\\OQC\\Relay\\ROQC-23-03-161\\','Data_2023-03-28_06-23.xlsx','2023-03-27 23:23:17','2023-03-27 23:23:17','3001470'),(112,'ROQC-23-03-99','application/vnd.openxmlformats-officedocument.spreadsheetml.sheet','P:\\IS\\CanhHung\\FDCS\\QA\\OQC\\Relay\\ROQC-23-03-99\\','Data_2023-03-28_06-24.xlsx','2023-03-27 23:24:13','2023-03-27 23:24:13','3001470'),(113,'ROQC-23-03-158','application/vnd.openxmlformats-officedocument.spreadsheetml.sheet','P:\\IS\\CanhHung\\FDCS\\QA\\OQC\\Relay\\ROQC-23-03-158\\','Data_2023-03-28_06-26.xlsx','2023-03-27 23:26:06','2023-03-27 23:26:06','3001470'),(114,'ROQC-23-03-126','application/vnd.openxmlformats-officedocument.spreadsheetml.sheet','P:\\IS\\CanhHung\\FDCS\\QA\\OQC\\Relay\\ROQC-23-03-126\\','Data_2023-03-28_06-27.xlsx','2023-03-27 23:27:14','2023-03-27 23:27:14','3001470'),(115,'ROQC-23-03-160','application/vnd.openxmlformats-officedocument.spreadsheetml.sheet','P:\\IS\\CanhHung\\FDCS\\QA\\OQC\\Relay\\ROQC-23-03-160\\','Data_2023-03-28_06-27.xlsx','2023-03-27 23:27:59','2023-03-27 23:27:59','3001470'),(116,'ROQC-23-03-173','application/vnd.openxmlformats-officedocument.spreadsheetml.sheet','P:\\IS\\CanhHung\\FDCS\\QA\\OQC\\Relay\\ROQC-23-03-173\\','Data_2023-03-28_06-30.xlsx','2023-03-27 23:30:26','2023-03-27 23:30:26','3001470'),(117,'ROQC-23-03-153','application/vnd.openxmlformats-officedocument.spreadsheetml.sheet','P:\\IS\\CanhHung\\FDCS\\QA\\OQC\\Relay\\ROQC-23-03-153\\','Data_2023-03-28_06-31.xlsx','2023-03-27 23:31:15','2023-03-27 23:31:15','3001470'),(118,'ROQC-23-03-152','application/vnd.openxmlformats-officedocument.spreadsheetml.sheet','P:\\IS\\CanhHung\\FDCS\\QA\\OQC\\Relay\\ROQC-23-03-152\\','Data_2023-03-28_06-32.xlsx','2023-03-27 23:32:12','2023-03-27 23:32:12','3001470'),(119,'ROQC-23-03-136','application/vnd.openxmlformats-officedocument.spreadsheetml.sheet','P:\\IS\\CanhHung\\FDCS\\QA\\OQC\\Relay\\ROQC-23-03-136\\','Data_2023-03-28_06-32.xlsx','2023-03-27 23:32:58','2023-03-27 23:32:58','3001470'),(120,'ROQC-23-03-156','application/vnd.openxmlformats-officedocument.spreadsheetml.sheet','P:\\IS\\CanhHung\\FDCS\\QA\\OQC\\Relay\\ROQC-23-03-156\\','Data_2023-03-28_07-54.xlsx','2023-03-28 00:54:10','2023-03-28 00:54:10','3008366'),(121,'ROQC-23-03-121','application/vnd.openxmlformats-officedocument.spreadsheetml.sheet','P:\\IS\\CanhHung\\FDCS\\QA\\OQC\\Relay\\ROQC-23-03-121\\','Data_2023-03-28_07-54.xlsx','2023-03-28 00:54:54','2023-03-28 00:54:54','3008366'),(122,'ROQC-23-03-104','application/vnd.openxmlformats-officedocument.spreadsheetml.sheet','P:\\IS\\CanhHung\\FDCS\\QA\\OQC\\Relay\\ROQC-23-03-104\\','Data_2023-03-28_07-55.xlsx','2023-03-28 00:55:48','2023-03-28 00:55:48','3008366'),(123,'ROQC-23-03-102','application/vnd.openxmlformats-officedocument.spreadsheetml.sheet','P:\\IS\\CanhHung\\FDCS\\QA\\OQC\\Relay\\ROQC-23-03-102\\','Data_2023-03-28_09-01.xlsx','2023-03-28 02:01:05','2023-03-28 02:01:05','3002417'),(124,'ROQC-23-03-113','application/vnd.openxmlformats-officedocument.spreadsheetml.sheet','P:\\IS\\CanhHung\\FDCS\\QA\\OQC\\Relay\\ROQC-23-03-113\\','Data_2023-03-28_09-01.xlsx','2023-03-28 02:01:59','2023-03-28 02:01:59','3002417'),(125,'ROQC-2023-03-23-13','application/vnd.openxmlformats-officedocument.spreadsheetml.sheet','P:\\IS\\CanhHung\\FDCS\\QA\\OQC\\Relay\\ROQC-2023-03-23-13\\','Data_2023-03-28_09-12.xlsx','2023-03-28 02:12:01','2023-03-28 02:12:01','3002417'),(126,'ROQC-2023-03-23-9','application/vnd.openxmlformats-officedocument.spreadsheetml.sheet','P:\\IS\\CanhHung\\FDCS\\QA\\OQC\\Relay\\ROQC-2023-03-23-9\\','Data_2023-03-28_09-13.xlsx','2023-03-28 02:13:51','2023-03-28 02:13:51','3002417'),(127,'ROQC-23-03-151','application/vnd.openxmlformats-officedocument.spreadsheetml.sheet','P:\\IS\\CanhHung\\FDCS\\QA\\OQC\\Relay\\ROQC-23-03-151\\','Data_2023-03-28_10-53.xlsx','2023-03-28 03:53:53','2023-03-28 03:53:53','3008366'),(128,'ROQC-23-03-146','application/vnd.openxmlformats-officedocument.spreadsheetml.sheet','P:\\IS\\CanhHung\\FDCS\\QA\\OQC\\Relay\\ROQC-23-03-146\\','Data_2023-03-28_17-40.xlsx','2023-03-28 10:40:35','2023-03-28 10:40:35','3008366'),(129,'ROQC-23-03-164','application/vnd.openxmlformats-officedocument.spreadsheetml.sheet','P:\\IS\\CanhHung\\FDCS\\QA\\OQC\\Relay\\ROQC-23-03-164\\','Data_2023-03-28_17-43.xlsx','2023-03-28 10:43:37','2023-03-28 10:43:37','3008366'),(130,'ROQC-23-03-131','application/vnd.openxmlformats-officedocument.spreadsheetml.sheet','P:\\IS\\CanhHung\\FDCS\\QA\\OQC\\Relay\\ROQC-23-03-131\\','Data_2023-03-28_17-45.xlsx','2023-03-28 10:45:18','2023-03-28 10:45:18','3008366'),(131,'ROQC-23-03-108','application/vnd.openxmlformats-officedocument.spreadsheetml.sheet','P:\\IS\\CanhHung\\FDCS\\QA\\OQC\\Relay\\ROQC-23-03-108\\','Data_2023-03-28_17-51.xlsx','2023-03-28 10:51:49','2023-03-28 10:51:49','3008366'),(132,'ROQC-23-03-140','application/vnd.openxmlformats-officedocument.spreadsheetml.sheet','P:\\IS\\CanhHung\\FDCS\\QA\\OQC\\Relay\\ROQC-23-03-140\\','Data_2023-03-29_06-41.xlsx','2023-03-28 23:41:14','2023-03-28 23:41:14','3001470'),(133,'ROQC-23-03-134','application/vnd.openxmlformats-officedocument.spreadsheetml.sheet','P:\\IS\\CanhHung\\FDCS\\QA\\OQC\\Relay\\ROQC-23-03-134\\','Data_2023-03-29_06-42.xlsx','2023-03-28 23:42:30','2023-03-28 23:42:30','3001470'),(134,'ROQC-23-03-184','application/vnd.openxmlformats-officedocument.spreadsheetml.sheet','P:\\IS\\CanhHung\\FDCS\\QA\\OQC\\Relay\\ROQC-23-03-184\\','Data_2023-03-29_06-43.xlsx','2023-03-28 23:43:17','2023-03-28 23:43:17','3001470'),(135,'ROQC-23-03-82','application/vnd.openxmlformats-officedocument.spreadsheetml.sheet','P:\\IS\\CanhHung\\FDCS\\QA\\OQC\\Relay\\ROQC-23-03-82\\','Data_2023-03-29_06-45.xlsx','2023-03-28 23:45:00','2023-03-28 23:45:00','3001470'),(136,'ROQC-23-03-170','application/vnd.openxmlformats-officedocument.spreadsheetml.sheet','P:\\IS\\CanhHung\\FDCS\\QA\\OQC\\Relay\\ROQC-23-03-170\\','Data_2023-03-29_06-45.xlsx','2023-03-28 23:45:43','2023-03-28 23:45:43','3001470'),(137,'ROQC-23-03-178','application/vnd.openxmlformats-officedocument.spreadsheetml.sheet','P:\\IS\\CanhHung\\FDCS\\QA\\OQC\\Relay\\ROQC-23-03-178\\','Data_2023-03-29_06-46.xlsx','2023-03-28 23:46:32','2023-03-28 23:46:32','3001470'),(138,'ROQC-23-03-107','application/vnd.openxmlformats-officedocument.spreadsheetml.sheet','P:\\IS\\CanhHung\\FDCS\\QA\\OQC\\Relay\\ROQC-23-03-107\\','Data_2023-03-29_06-47.xlsx','2023-03-28 23:47:23','2023-03-28 23:47:23','3001470'),(139,'ROQC-23-03-105','application/vnd.openxmlformats-officedocument.spreadsheetml.sheet','P:\\IS\\CanhHung\\FDCS\\QA\\OQC\\Relay\\ROQC-23-03-105\\','Data_2023-03-29_06-48.xlsx','2023-03-28 23:48:08','2023-03-28 23:48:08','3001470'),(140,'ROQC-23-03-130','application/vnd.openxmlformats-officedocument.spreadsheetml.sheet','P:\\IS\\CanhHung\\FDCS\\QA\\OQC\\Relay\\ROQC-23-03-130\\','Data_2023-03-29_06-49.xlsx','2023-03-28 23:49:22','2023-03-28 23:49:22','3001470'),(141,'ROQC-23-03-162','application/vnd.openxmlformats-officedocument.spreadsheetml.sheet','P:\\IS\\CanhHung\\FDCS\\QA\\OQC\\Relay\\ROQC-23-03-162\\','Data_2023-03-29_06-50.xlsx','2023-03-28 23:50:29','2023-03-28 23:50:29','3001470'),(142,'ROQC-23-03-182','application/vnd.openxmlformats-officedocument.spreadsheetml.sheet','P:\\IS\\CanhHung\\FDCS\\QA\\OQC\\Relay\\ROQC-23-03-182\\','Data_2023-03-29_07-50.xlsx','2023-03-29 00:50:58','2023-03-29 00:50:58','3008366'),(143,'ROQC-23-03-172','application/vnd.openxmlformats-officedocument.spreadsheetml.sheet','P:\\IS\\CanhHung\\FDCS\\QA\\OQC\\Relay\\ROQC-23-03-172\\','Data_2023-03-29_07-51.xlsx','2023-03-29 00:51:26','2023-03-29 00:51:26','3008366'),(144,'ROQC-23-03-186','application/vnd.openxmlformats-officedocument.spreadsheetml.sheet','P:\\IS\\CanhHung\\FDCS\\QA\\OQC\\Relay\\ROQC-23-03-186\\','Data_2023-03-29_07-58.xlsx','2023-03-29 00:58:26','2023-03-29 00:58:26','3008366');
/*!40000 ALTER TABLE `oqc_data_file` ENABLE KEYS */;
UNLOCK TABLES;

--
-- Table structure for table `oqc_document`
--

DROP TABLE IF EXISTS `oqc_document`;
/*!40101 SET @saved_cs_client     = @@character_set_client */;
/*!40101 SET character_set_client = utf8 */;
CREATE TABLE `oqc_document` (
  `id` int(11) NOT NULL AUTO_INCREMENT,
  `model` varchar(45) DEFAULT NULL,
  `document_type` int(11) DEFAULT NULL,
  `root_folder` varchar(100) DEFAULT NULL,
  `file_name` varchar(145) DEFAULT NULL,
  `file_format` varchar(100) DEFAULT NULL,
  `created_by` varchar(7) DEFAULT NULL,
  `created_at` timestamp NULL DEFAULT NULL,
  `updated_at` timestamp NULL DEFAULT NULL,
  PRIMARY KEY (`id`)
) ENGINE=InnoDB AUTO_INCREMENT=77 DEFAULT CHARSET=utf8;
/*!40101 SET character_set_client = @saved_cs_client */;

--
-- Dumping data for table `oqc_document`
--

LOCK TABLES `oqc_document` WRITE;
/*!40000 ALTER TABLE `oqc_document` DISABLE KEYS */;
INSERT INTO `oqc_document` VALUES (33,'ENFPA945F73E',1,'P:\\IS\\CanhHung\\FDCS\\QA\\OQC\\Document','102-PIDVN-QC-RE-003-004- TIÊU CHUẨN KIỂM TRA SẢN PHẨM TB.xlsx','application/vnd.openxmlformats-officedocument.spreadsheetml.sheet','3002417','2023-02-14 08:21:17','2023-02-14 08:21:17'),(34,'ENFPA945F73E',1,'P:\\IS\\CanhHung\\FDCS\\QA\\OQC\\Document','102-PIDVN-QC-RE-003-003 TIÊU CHUẨN KIỂM TRA SẢN PHẨM TL .xlsx','application/vnd.openxmlformats-officedocument.spreadsheetml.sheet','3002417','2023-02-14 08:21:50','2023-02-14 08:21:50'),(35,'ENFPA945F73E',1,'P:\\IS\\CanhHung\\FDCS\\QA\\OQC\\Document','102-PIDVN-QC-RE-003-010- TIÊU CHUẨN KIỂM TRA SẢN PHẨM TE.xlsx','application/vnd.openxmlformats-officedocument.spreadsheetml.sheet','3002417','2023-02-14 08:22:04','2023-02-14 08:22:04'),(36,'ENFPA945F73E',1,'P:\\IS\\CanhHung\\FDCS\\QA\\OQC\\Document','102-PIDVN-QC-RE-003-017 TIÊU CHUẨN KIỂM TRA SẢN PHẨM TC.xlsx','application/vnd.openxmlformats-officedocument.spreadsheetml.sheet','3002417','2023-02-14 08:22:20','2023-02-14 08:22:20'),(37,'ENFPA945F73E',3,'P:\\IS\\CanhHung\\FDCS\\QA\\OQC\\Document','SZ-0067 TB single marking design drawing R2.PDF','application/pdf','3002417','2023-02-14 08:23:16','2023-02-14 08:23:16'),(38,'ENFPA945F73E',3,'P:\\IS\\CanhHung\\FDCS\\QA\\OQC\\Document','SZ-0069 TC,TCL marking spec R2.pdf','application/pdf','3002417','2023-02-14 08:23:38','2023-02-14 08:23:38'),(39,'ENFPA945F73E',3,'P:\\IS\\CanhHung\\FDCS\\QA\\OQC\\Document','SZ-0071 TE Twin marking design figure R2.pdf','application/pdf','3002417','2023-02-14 08:24:10','2023-02-14 08:24:10'),(40,'ENFPA945F73E',3,'P:\\IS\\CanhHung\\FDCS\\QA\\OQC\\Document','SZ-0137 TL Marking Design Figure R2.pdf','application/pdf','3002417','2023-02-14 08:24:33','2023-02-14 08:24:33'),(41,'ENFPA945F73E',5,'P:\\IS\\CanhHung\\FDCS\\QA\\OQC\\Document','U-1214 (ACTB2LB3A27).pdf','application/pdf','3002417','2023-02-14 08:25:22','2023-02-14 08:25:22'),(42,'ENFPA945F73E',5,'P:\\IS\\CanhHung\\FDCS\\QA\\OQC\\Document','U-1216 (ACTB2DB3A69).pdf','application/pdf','3002417','2023-02-14 08:25:38','2023-02-14 08:25:38'),(43,'ENFPA945F73E',5,'P:\\IS\\CanhHung\\FDCS\\QA\\OQC\\Document','U-1253 R0 (ACTB2C1A65).pdf','application/pdf','3002417','2023-02-14 08:25:53','2023-02-14 08:25:53'),(44,'ENFPA945F73E',5,'P:\\IS\\CanhHung\\FDCS\\QA\\OQC\\Document','U-1254 R0 (ACTB2C3A66).pdf','application/pdf','3002417','2023-02-14 08:26:06','2023-02-14 08:26:06'),(45,'ENFPA945F73E',5,'P:\\IS\\CanhHung\\FDCS\\QA\\OQC\\Document','U-1212 (ACTB21A17).pdf','application/pdf','3002417','2023-02-14 08:26:28','2023-02-14 08:26:28'),(46,'ENFPA945F73E',5,'P:\\IS\\CanhHung\\FDCS\\QA\\OQC\\Document','U-1213 (ACTB23A18).pdf','application/pdf','3002417','2023-02-14 08:26:39','2023-02-14 08:26:39'),(47,'ENFPA945F73E',5,'P:\\IS\\CanhHung\\FDCS\\QA\\OQC\\Document','U-1257 R0 (ACTB2WH3A57).pdf','application/pdf','3002417','2023-02-14 08:27:02','2023-02-14 08:27:02'),(48,'ENFPA945F73E',5,'P:\\IS\\CanhHung\\FDCS\\QA\\OQC\\Document','U-1258 R0 (ACTB2WR3A88).pdf','application/pdf','3002417','2023-02-14 08:27:58','2023-02-14 08:27:58'),(49,'ENFPA945F73E',5,'P:\\IS\\CanhHung\\FDCS\\QA\\OQC\\Document','U-1286 (ACTB1DH3A76).pdf','application/pdf','3002417','2023-02-14 08:28:14','2023-02-14 08:28:14'),(50,'ENFPA945F73E',4,'P:\\IS\\CanhHung\\FDCS\\QA\\OQC\\Document','SZ-0099 TB relay single type internal specification R8.pdf','application/pdf','3002417','2023-02-14 08:28:54','2023-02-14 08:28:54'),(51,'ENFPA945F73E',4,'P:\\IS\\CanhHung\\FDCS\\QA\\OQC\\Document','SZ-0101 TC internal specification R7.pdf','application/pdf','3002417','2023-02-14 08:29:14','2023-02-14 08:29:14'),(52,'ENFPA945F73E',4,'P:\\IS\\CanhHung\\FDCS\\QA\\OQC\\Document','SZ-0102 TCL internal specification.pdf','application/pdf','3002417','2023-02-14 08:29:29','2023-02-14 08:29:29'),(53,'ENFPA945F73E',4,'P:\\IS\\CanhHung\\FDCS\\QA\\OQC\\Document','SZ-0104 TE relay twin type internal spec R7.pdf','application/pdf','3002417','2023-02-14 08:29:52','2023-02-14 08:29:52'),(54,'ENFPA945F73E',4,'P:\\IS\\CanhHung\\FDCS\\QA\\OQC\\Document','SZ-0135 TL Relay Internal General Spec R6.pdf','application/pdf','3002417','2023-02-14 08:30:11','2023-02-14 08:30:11'),(55,'ACTC2R2A11',3,'P:\\IS\\CanhHung\\FDCS\\QA\\OQC\\Document','SZ-0067 TB single marking design drawing R2.PDF','application/pdf','3012982','2023-02-23 07:24:36','2023-02-23 07:24:36'),(56,'ACTC2R2A11',3,'P:\\IS\\CanhHung\\FDCS\\QA\\OQC\\Document','SZ-0069 TC,TCL marking spec R2.pdf','application/pdf','3012982','2023-02-23 07:24:41','2023-02-23 07:24:41'),(57,'ACTC2R2A11',3,'P:\\IS\\CanhHung\\FDCS\\QA\\OQC\\Document','SZ-0071 TE Twin marking design figure R2.pdf','application/pdf','3012982','2023-02-23 07:24:44','2023-02-23 07:24:44'),(58,'ACTC2R2A11',3,'P:\\IS\\CanhHung\\FDCS\\QA\\OQC\\Document','SZ-0099 TB relay single type internal specification R8.pdf','application/pdf','3012982','2023-02-23 07:24:48','2023-02-23 07:24:48'),(59,'ACTC2R2A11',5,'P:\\IS\\CanhHung\\FDCS\\QA\\OQC\\Document','U-1214 (ACTB2LB3A27).pdf','application/pdf','3012982','2023-02-23 07:25:14','2023-02-23 07:25:14'),(60,'ACTC2R2A11',5,'P:\\IS\\CanhHung\\FDCS\\QA\\OQC\\Document','U-1216 (ACTB2DB3A69).pdf','application/pdf','3012982','2023-02-23 07:25:32','2023-02-23 07:25:32'),(61,'ACTC2R2A11',5,'P:\\IS\\CanhHung\\FDCS\\QA\\OQC\\Document','U-1253 R0 (ACTB2C1A65).pdf','application/pdf','3012982','2023-02-23 07:25:42','2023-02-23 07:25:42'),(62,'ACTC2R2A11',5,'P:\\IS\\CanhHung\\FDCS\\QA\\OQC\\Document','U-1254 R0 (ACTB2C3A66).pdf','application/pdf','3012982','2023-02-23 07:25:53','2023-02-23 07:25:53'),(63,'ACTC2R2A11',5,'P:\\IS\\CanhHung\\FDCS\\QA\\OQC\\Document','U-1212 (ACTB21A17).pdf','application/pdf','3012982','2023-02-23 07:26:00','2023-02-23 07:26:00'),(64,'ACTC2R2A11',4,'P:\\IS\\CanhHung\\FDCS\\QA\\OQC\\Document','SZ-0101 TC internal specification R7.pdf','application/pdf','3012982','2023-02-23 07:27:29','2023-02-23 07:27:29'),(65,'ACTC2R2A11',4,'P:\\IS\\CanhHung\\FDCS\\QA\\OQC\\Document','SZ-0102 TCL internal specification.pdf','application/pdf','3012982','2023-02-23 07:27:34','2023-02-23 07:27:34'),(66,'ACTE3CH2A05',1,'P:\\IS\\CanhHung\\FDCS\\QA\\OQC\\Document','The Race.pdf','application/pdf','3012982','2023-03-03 02:44:57','2023-03-03 02:44:57'),(67,'ACTE3CH2A05',2,'P:\\IS\\CanhHung\\FDCS\\QA\\OQC\\Document','Drag Audio (2).pdf','application/pdf','3012982','2023-03-03 02:45:05','2023-03-03 02:45:05'),(69,'ACTB23A18',1,'P:\\IS\\CanhHung\\FDCS\\QA\\OQC\\Document','102-PIDVN-QC-RE-003-004- TIÊU CHUẨN KIỂM TRA SẢN PHẨM TB.xlsx','application/vnd.openxmlformats-officedocument.spreadsheetml.sheet','3002417','2023-03-08 10:15:50','2023-03-08 10:15:50'),(70,'ACTB23A18',5,'P:\\IS\\CanhHung\\FDCS\\QA\\OQC\\Document','U-1213 (ACTB23A18).pdf','application/pdf','3002417','2023-03-08 10:16:27','2023-03-08 10:16:27'),(71,'ACTB21A17',1,'P:\\IS\\CanhHung\\FDCS\\QA\\OQC\\Document','102-PIDVN-QC-RE-003-004- TIÊU CHUẨN KIỂM TRA SẢN PHẨM TB.xlsx','application/vnd.openxmlformats-officedocument.spreadsheetml.sheet','3002417','2023-03-08 10:17:54','2023-03-08 10:17:54'),(72,'ACTB21A17',5,'P:\\IS\\CanhHung\\FDCS\\QA\\OQC\\Document','U-1212 (ACTB21A17).pdf','application/pdf','3002417','2023-03-08 10:18:55','2023-03-08 10:18:55');
/*!40000 ALTER TABLE `oqc_document` ENABLE KEYS */;
UNLOCK TABLES;

--
-- Table structure for table `oqc_document_type`
--

DROP TABLE IF EXISTS `oqc_document_type`;
/*!40101 SET @saved_cs_client     = @@character_set_client */;
/*!40101 SET character_set_client = utf8 */;
CREATE TABLE `oqc_document_type` (
  `id` int(11) NOT NULL AUTO_INCREMENT,
  `name` varchar(45) DEFAULT NULL,
  `created_at` timestamp NULL DEFAULT NULL,
  `updated_at` timestamp NULL DEFAULT NULL,
  PRIMARY KEY (`id`),
  UNIQUE KEY `name_UNIQUE` (`name`)
) ENGINE=InnoDB AUTO_INCREMENT=8 DEFAULT CHARSET=utf8;
/*!40101 SET character_set_client = @saved_cs_client */;

--
-- Dumping data for table `oqc_document_type`
--

LOCK TABLES `oqc_document_type` WRITE;
/*!40000 ALTER TABLE `oqc_document_type` DISABLE KEYS */;
INSERT INTO `oqc_document_type` VALUES (1,'Tiêu chuẩn kiểm tra sản phẩm','2023-01-18 05:41:48','2023-01-18 05:41:48'),(2,'Product checksheet','2023-01-18 05:41:48','2023-01-18 05:41:48'),(3,'Bản vẽ marking','2023-01-18 05:41:48','2023-01-18 05:41:48'),(4,'Intenal Specification','2023-01-18 05:41:48','2023-01-18 05:41:48'),(5,'U drawing','2023-01-18 05:41:48','2023-01-18 05:41:48'),(6,'Packing Spec','2023-01-18 05:41:48','2023-01-18 05:41:48'),(7,'Các HDCV','2023-01-18 05:41:48','2023-01-18 05:41:48');
/*!40000 ALTER TABLE `oqc_document_type` ENABLE KEYS */;
UNLOCK TABLES;

--
-- Table structure for table `oqc_request`
--

DROP TABLE IF EXISTS `oqc_request`;
/*!40101 SET @saved_cs_client     = @@character_set_client */;
/*!40101 SET character_set_client = utf8 */;
CREATE TABLE `oqc_request` (
  `id` int(11) NOT NULL AUTO_INCREMENT,
  `req_no` varchar(45) NOT NULL,
  `qa_card` varchar(45) DEFAULT NULL,
  `created_by` varchar(45) DEFAULT NULL,
  `oqc_request_status` int(11) DEFAULT NULL,
  `created_at` timestamp NULL DEFAULT NULL,
  `updated_at` timestamp NULL DEFAULT NULL,
  `oqc_date` timestamp NULL DEFAULT NULL,
  `judgment` varchar(45) DEFAULT NULL,
  `priority` int(11) DEFAULT NULL,
  `sorting_qty` float DEFAULT NULL,
  `remark` varchar(45) DEFAULT NULL,
  PRIMARY KEY (`id`),
  UNIQUE KEY `req_no_UNIQUE` (`req_no`)
) ENGINE=InnoDB AUTO_INCREMENT=251 DEFAULT CHARSET=utf8;
/*!40101 SET character_set_client = @saved_cs_client */;

--
-- Dumping data for table `oqc_request`
--

LOCK TABLES `oqc_request` WRITE;
/*!40000 ALTER TABLE `oqc_request` DISABLE KEYS */;
INSERT INTO `oqc_request` VALUES (1,'ROQC-2023-03-21-1','ACTB2C1A65*TB6*2023-03-14*D*001','3001984',2,'2023-03-21 07:14:03','2023-03-21 07:54:31',NULL,NULL,2,NULL,NULL),(2,'ROQC-2023-03-21-2','ACTL3CR3*TL2*2023-03-21*A*001','3012995',3,'2023-03-21 08:53:34','2023-03-24 10:24:37','2023-03-24 10:24:37','OK',2,NULL,NULL),(3,'ROQC-2023-03-21-3','ACTL3CR3*TL2*2023-03-20*B10*001','3012995',3,'2023-03-21 08:54:16','2023-03-24 10:26:22','2023-03-24 10:26:22','OK',2,NULL,NULL),(4,'ROQC-2023-03-21-4','ACTB2C3A66*TB6*2023-03-18*D*001','3009635',3,'2023-03-21 08:59:31','2023-03-21 23:26:40','2023-03-21 23:26:40','OK',1,NULL,NULL),(5,'ROQC-2023-03-21-5','ACTB2C3A66*TB6*2023-03-17*N*001','3009635',3,'2023-03-21 09:00:09','2023-03-21 23:28:16','2023-03-21 23:28:16','OK',1,NULL,NULL),(6,'ROQC-2023-03-21-6','ACTB2C1A65*TB6*2023-03-14*D*001','3009635',3,'2023-03-21 09:01:21','2023-03-22 01:36:29','2023-03-22 01:36:29','OK',2,NULL,NULL),(7,'ROQC-2023-03-21-7','ACTB1LB3A45*TB4*2023-03-21*A*001','3001984',3,'2023-03-21 10:54:52','2023-03-23 22:59:43','2023-03-23 22:59:43','OK',2,NULL,NULL),(8,'ROQC-2023-03-21-8','ACTB2CR2A60*TB2*2023-03-20*B*001','3001984',3,'2023-03-21 10:55:36','2023-03-23 10:09:27','2023-03-23 10:09:27','OK',1,NULL,NULL),(9,'ROQC-2023-03-21-9','ACTE3CR2A06E*TE1*2023-03-21*D*001','3012725',3,'2023-03-21 12:28:07','2023-03-22 22:57:08','2023-03-22 22:57:08','OK',1,NULL,NULL),(10,'ROQC-2023-03-21-10','ACTB2WR3A88*TB4*2023-03-21*A*001','3012725',2,'2023-03-21 15:20:51','2023-03-22 06:08:51',NULL,NULL,1,NULL,NULL),(11,'ROQC-2023-03-21-11','ACTL3CR3*TL1*2023-03-21*A*001','3012725',2,'2023-03-21 15:21:14','2023-03-22 12:48:28',NULL,NULL,2,NULL,NULL),(12,'ROQC-2023-03-21-12','ACTC2R2A11*TC1*2023-03-21*D*001','3012725',2,'2023-03-21 15:21:42','2023-03-23 00:57:14',NULL,NULL,2,NULL,NULL),(13,'ROQC-2023-03-21-13','ACTE5CR1K06*TE3*2023-03-21*A*001','3012725',3,'2023-03-21 15:22:03','2023-03-22 00:38:09','2023-03-22 00:38:09','OK',1,NULL,NULL),(14,'ROQC-2023-03-21-14','ACTE3R2E*TE2*2023-03-21*A*001','3012725',3,'2023-03-21 15:22:21','2023-03-22 22:49:13','2023-03-22 22:49:13','OK',1,NULL,NULL),(15,'ROQC-2023-03-21-15','ACTE5CR1K06*TE3*2023-03-21*B*001','3012725',3,'2023-03-21 15:22:44','2023-03-22 00:37:46','2023-03-22 00:37:46','OK',1,NULL,NULL),(16,'ROQC-2023-03-22-1','ACTE3CR2A06E*TE1*2023-03-21*B*001','3012995',3,'2023-03-22 02:42:16','2023-03-22 22:53:54','2023-03-22 22:53:54','OK',1,NULL,NULL),(17,'ROQC-2023-03-22-2','ACTE3CR2A06E*TE2*2023-03-21*B*001','3012995',3,'2023-03-22 03:14:46','2023-03-23 23:02:26','2023-03-23 23:02:26','OK',1,NULL,NULL),(18,'ROQC-2023-03-22-3','ACTB2LH3A23*TB4*2023-03-20*A*001','3012995',3,'2023-03-22 03:15:25','2023-03-22 23:00:07','2023-03-22 23:00:07','OK',1,NULL,NULL),(19,'ROQC-2023-03-22-4','ACTB2CR2A60*TB5*2023-03-21*B*001','3012995',3,'2023-03-22 03:16:12','2023-03-23 10:07:04','2023-03-23 10:07:04','OK',2,NULL,NULL),(20,'ROQC-2023-03-22-5','ACTB2CR2A60*TB5*2023-03-21*A*001','3012995',3,'2023-03-22 03:16:38','2023-03-23 10:08:04','2023-03-23 10:08:04','OK',2,NULL,NULL),(21,'ROQC-2023-03-22-6','ACTC2R2A11*TC1*2023-03-21*N*001','3012995',3,'2023-03-22 03:21:15','2023-03-27 10:22:00','2023-03-27 10:22:00','OK',2,NULL,NULL),(25,'ROQC-2023-03-22-7','ACTB2WR3A88*TB4*2023-03-21*B*001','3012995',3,'2023-03-22 07:06:55','2023-03-22 23:52:22','2023-03-22 23:52:22','OK',1,NULL,NULL),(26,'ROQC-2023-03-22-8','ACTC2R2A11*TC1*2023-03-20*N*001','3012995',3,'2023-03-22 07:33:38','2023-03-27 10:48:26','2023-03-27 10:48:26','OK',2,NULL,NULL),(27,'ROQC-2023-03-22-9','ACTBPDR4*TB1*2023-03-20*A*001','3009635',3,'2023-03-22 10:17:17','2023-03-22 23:02:14','2023-03-22 23:02:14','OK',1,NULL,NULL),(28,'ROQC-2023-03-22-10','ACTC2R2A11*TC1*2023-03-22*D*001','3009635',3,'2023-03-22 14:03:26','2023-03-27 10:23:16','2023-03-27 10:23:16','OK',2,NULL,NULL),(29,'ROQC-2023-03-22-11','ACTL3DF3*TL1*2023-03-22*A*001','3009635',3,'2023-03-22 14:05:50','2023-03-23 10:13:06','2023-03-23 10:13:06','OK',1,NULL,NULL),(30,'ROQC-2023-03-22-12','ACTE3CR2A06E*TE2*2023-03-22*A*001','3009635',3,'2023-03-22 14:06:36','2023-03-23 23:02:01','2023-03-23 23:02:01','OK',1,NULL,NULL),(31,'ROQC-2023-03-22-13','ACTE5CR1K06*TE3*2023-03-22*A*001','3009635',3,'2023-03-22 14:09:14','2023-03-22 22:50:21','2023-03-22 22:50:21','OK',1,NULL,NULL),(32,'ROQC-2023-03-22-14','ACTE3CR2A06E*TE1*2023-03-22*D*001','3009635',2,'2023-03-22 14:11:50','2023-03-22 15:20:03',NULL,NULL,1,NULL,NULL),(33,'ROQC-2023-03-22-15','ACTL3CR3*TL1*2023-03-21*B*001','3009635',3,'2023-03-22 14:12:44','2023-03-24 22:55:55','2023-03-24 22:55:55','OK',2,NULL,NULL),(34,'ROQC-2023-03-23-1','ACTBPDR4*TB1*2023-03-20*N*001','3012725',3,'2023-03-22 19:30:28','2023-03-23 10:11:46','2023-03-23 10:11:46','OK',1,NULL,NULL),(35,'ROQC-2023-03-23-2','ACTB21A17*TB2*2023-03-21*B*001','3012725',3,'2023-03-22 23:50:27','2023-03-23 22:57:29','2023-03-23 22:57:29','OK',2,NULL,NULL),(36,'ROQC-2023-03-23-3','ACTC2R2A11*TC1*2023-03-21*D*001','3012725',3,'2023-03-23 01:57:16','2023-03-27 10:23:58','2023-03-27 10:23:58','OK',2,NULL,NULL),(37,'ROQC-2023-03-23-4','ACTB2CR2A60*TB5*2023-03-22*A*001','3012995',3,'2023-03-23 01:59:46','2023-03-23 10:05:26','2023-03-23 10:05:26','OK',1,NULL,NULL),(38,'ROQC-2023-03-23-5','ACTE3CR2A06E*TE1*2023-03-22*N*001','3012995',3,'2023-03-23 02:00:47','2023-03-24 10:20:09','2023-03-24 10:20:09','OK',1,NULL,NULL),(39,'ROQC-2023-03-23-6','ACTB2CR2A60*TB5*2023-03-20*B*001','3012995',3,'2023-03-23 02:02:02','2023-03-23 10:14:01','2023-03-23 10:14:01','OK',1,NULL,NULL),(40,'ROQC-2023-03-23-7','ACTE5CR1K06*TE3*2023-03-22*B*001','3012995',3,'2023-03-23 02:03:00','2023-03-23 23:01:05','2023-03-23 23:01:05','OK',1,NULL,NULL),(41,'ROQC-2023-03-23-8','ACTB21A17*TB2*2023-03-20*B*001','3012995',3,'2023-03-23 02:04:23','2023-03-23 22:58:00','2023-03-23 22:58:00','OK',1,NULL,NULL),(42,'ROQC-2023-03-23-9','ACTC2R2A11*TC1*2023-03-22*N*001','3012995',3,'2023-03-23 02:05:06','2023-03-28 02:13:51','2023-03-28 02:13:51','OK',2,NULL,NULL),(43,'ROQC-2023-03-23-10','ACTB2CR2A60*TB5*2023-03-22*B*001','3012995',3,'2023-03-23 02:20:25','2023-03-24 10:14:55','2023-03-24 10:14:55','OK',1,NULL,NULL),(44,'ROQC-2023-03-23-11','ACTB21A17*TB2*2023-03-22*A*001','3012995',3,'2023-03-23 02:21:52','2023-03-23 22:55:24','2023-03-23 22:55:24','OK',1,NULL,NULL),(45,'ROQC-2023-03-23-12','ACTE3R2E*TE2*2023-03-21*B*001','3012995',2,'2023-03-23 02:23:48','2023-03-23 14:40:54',NULL,NULL,1,NULL,NULL),(46,'ROQC-2023-03-23-13','ACTC2R2A11*TC1*2023-03-21*D*001','3012995',3,'2023-03-23 02:28:38','2023-03-28 02:12:01','2023-03-28 02:12:01','OK',1,NULL,NULL),(47,'ROQC-2023-03-23-14','ACTB2C3A66*TB6*2023-03-20*N*001','3004500',3,'2023-03-23 02:40:36','2023-03-23 22:53:43','2023-03-23 22:53:43','OK',1,NULL,NULL),(48,'ROQC-2023-03-23-15','ACTB2C3A66*TB6*2023-03-21*D*001','3004500',3,'2023-03-23 02:41:26','2023-03-23 22:54:08','2023-03-23 22:54:08','OK',1,NULL,NULL),(49,'ROQC-2023-03-23-16','ACTE3R2E*TE2*2023-03-21*B*001','3004500',3,'2023-03-23 02:54:25','2023-03-24 10:22:58','2023-03-24 10:22:58','OK',1,NULL,NULL),(50,'ROQC-2023-03-23-17','ACTB2WR3A88*TB4*2023-03-22*A*001','3004500',3,'2023-03-23 03:31:42','2023-03-23 10:01:55','2023-03-23 10:01:55','OK',1,NULL,NULL),(51,'ROQC-2023-03-23-18','ACTBPDR4*TB1*2023-03-21*D*001','3004500',3,'2023-03-23 03:32:14','2023-03-23 10:03:58','2023-03-23 10:03:58','OK',1,NULL,NULL),(58,'ROQC-2023-03-23-20','ACTB2WR3A88*TB4*2023-03-22*B*001','3004500',3,'2023-03-23 05:29:27','2023-03-23 10:02:20','2023-03-23 10:02:20','OK',1,NULL,NULL),(62,'ROQC-23-03-50','ACTBPDR4*TB1*2023-03-21*N*001','3004500',3,'2023-03-23 08:23:03','2023-03-23 22:47:02','2023-03-23 22:47:02','OK',1,NULL,NULL),(63,'ROQC-23-03-51','ACTB21A17*TB2*2023-03-21*A*001','3004500',2,'2023-03-23 08:23:50','2023-03-23 14:37:53',NULL,NULL,1,NULL,NULL),(64,'ROQC-23-03-52','ACTB21A17*TB2*2023-03-21*A*001','3001984',3,'2023-03-23 09:09:38','2023-03-23 22:54:56','2023-03-23 22:54:56','OK',1,NULL,NULL),(65,'ROQC-23-03-53','ACTB2C3A66*TB6*2023-03-18*D*001','3001984',2,'2023-03-23 09:22:58','2023-03-23 12:31:50',NULL,NULL,1,NULL,NULL),(66,'ROQC-23-03-54','ACTE3CR2A06E*TE2*2023-03-23*A*001','3012725',3,'2023-03-23 14:22:38','2023-03-24 10:23:41','2023-03-24 10:23:41','OK',1,NULL,NULL),(67,'ROQC-23-03-55','ACTC13A06*TC1*2023-03-23*D*001','3012725',3,'2023-03-23 14:25:05','2023-03-24 10:11:50','2023-03-24 10:11:50','OK',1,NULL,NULL),(68,'ROQC-23-03-56','ACTE5CR1K06*TE1*2023-03-23*D*001','3012725',3,'2023-03-23 14:27:54','2023-03-24 10:16:55','2023-03-24 10:16:55','OK',2,NULL,NULL),(69,'ROQC-23-03-57','ACTBPDR4*TB1*2023-03-22*D*001','3012725',3,'2023-03-23 14:29:56','2023-03-23 22:47:51','2023-03-23 22:47:51','OK',2,NULL,NULL),(70,'ROQC-23-03-58','ACTBPCR4A89*TB1*2023-03-23*D*001','3012725',3,'2023-03-23 14:31:38','2023-03-23 22:46:10','2023-03-23 22:46:10','OK',2,NULL,NULL),(71,'ROQC-23-03-59','ACTB1DR3A96*TB7*2023-03-21*A*001','3012725',2,'2023-03-23 22:36:43','2023-03-24 15:49:03',NULL,NULL,2,NULL,NULL),(72,'ROQC-23-03-60','ACTB2C1A65*TB2*2023-03-16*A*001','3012725',3,'2023-03-23 22:37:33','2023-03-24 23:01:26','2023-03-24 23:01:26','OK',1,NULL,NULL),(73,'ROQC-23-03-61','ACTB21A17*TB2*2023-03-22*B*001','3012725',3,'2023-03-23 22:38:41','2023-03-24 10:16:01','2023-03-24 10:16:01','OK',1,NULL,NULL),(74,'ROQC-23-03-62','ACTB2C1A65*TB2*2023-03-16*B*001','3012725',3,'2023-03-23 22:39:05','2023-03-24 23:01:01','2023-03-24 23:01:01','OK',1,NULL,NULL),(75,'ROQC-23-03-63','ACTB2C1A65*TB2*2023-03-17*A*001','3012725',3,'2023-03-23 22:39:27','2023-03-24 23:00:38','2023-03-24 23:00:38','OK',1,NULL,NULL),(76,'ROQC-23-03-64','ACTB1DR3A96*TB7*2023-03-20*B*001','3012725',3,'2023-03-23 22:39:50','2023-03-26 12:20:15','2023-03-26 12:20:15','OK',2,NULL,NULL),(77,'ROQC-23-03-65','ACTE3CR2A06E*TE2*2023-03-23*B*001','3012995',3,'2023-03-24 02:55:24','2023-03-24 22:54:52','2023-03-24 22:54:52','OK',1,NULL,NULL),(78,'ROQC-23-03-66','ACTBPCR4A89*TB1*2023-03-23*N*001','3012995',3,'2023-03-24 03:15:04','2023-03-24 10:09:11','2023-03-24 10:09:11','OK',1,NULL,NULL),(79,'ROQC-23-03-67','ACTC13A06*TC1*2023-03-23*N*001','3012995',3,'2023-03-24 03:16:43','2023-03-25 10:28:17','2023-03-25 10:28:17','OK',1,NULL,NULL),(80,'ROQC-23-03-68','ACTE5CR1K06*TE1*2023-03-23*N*001','3012995',3,'2023-03-24 03:18:09','2023-03-24 10:12:25','2023-03-24 10:12:25','OK',1,NULL,NULL),(81,'ROQC-23-03-69','ACTE5CR1K06*TE3*2023-03-23*A*001','3012995',3,'2023-03-24 03:19:51','2023-03-24 22:52:53','2023-03-24 22:52:53','OK',2,NULL,NULL),(82,'ROQC-23-03-70','ACTE5CR1K06*TE3*2023-03-23*B*001','3012995',3,'2023-03-24 03:21:13','2023-03-25 10:27:07','2023-03-25 10:27:07','OK',2,NULL,NULL),(83,'ROQC-23-03-71','ACTB2C3A66*TB6*2023-03-20*D*001','3012995',3,'2023-03-24 08:39:27','2023-03-24 23:02:34','2023-03-24 23:02:34','OK',1,NULL,NULL),(84,'ROQC-23-03-72','ACTB2C3A66*TB6*2023-03-21*N*001','3012995',3,'2023-03-24 08:40:46','2023-03-24 23:02:07','2023-03-24 23:02:07','OK',1,NULL,NULL),(85,'ROQC-23-03-73','ACTB2CR2A60*TB5*2023-03-23*B*001','3012995',3,'2023-03-24 08:41:47','2023-03-27 10:44:29','2023-03-27 10:44:29','OK',1,NULL,NULL),(86,'ROQC-23-03-74','ACTB1DR3A96*TB7*2023-03-20*A*001','3012995',2,'2023-03-24 08:42:35','2023-03-26 01:42:43',NULL,NULL,2,NULL,NULL),(87,'ROQC-23-03-75','ACTB1DR3A96*TB7*2023-03-23*B*001','3012995',2,'2023-03-24 08:43:20','2023-03-26 02:10:23',NULL,NULL,2,NULL,NULL),(88,'ROQC-23-03-76','ACTL3CR3*TL1*2023-03-23*B*001','3012995',3,'2023-03-24 08:44:46','2023-03-25 10:30:22','2023-03-25 10:30:22','OK',1,NULL,NULL),(89,'ROQC-23-03-77','ACTE3CR2A06E*TE2*2023-03-24*A*001','3012725',2,'2023-03-24 13:34:29','2023-03-24 13:52:54',NULL,NULL,1,NULL,NULL),(90,'ROQC-23-03-78','ACTL3CR3*TL1*2023-03-22*B*001','3012725',3,'2023-03-24 13:43:56','2023-03-25 10:30:45','2023-03-25 10:30:45','OK',1,NULL,NULL),(91,'ROQC-23-03-79','ACTE5CR1K06*TE1*2023-03-24*D*001','3012725',3,'2023-03-24 13:45:21','2023-03-24 22:53:55','2023-03-24 22:53:55','OK',1,NULL,NULL),(92,'ROQC-23-03-80','ACTBPCR4A89*TB1*2023-03-24*D*001','3012725',2,'2023-03-24 13:46:19','2023-03-24 15:03:16',NULL,NULL,2,NULL,NULL),(93,'ROQC-23-03-81','ACTC13A06*TC1*2023-03-24*D*001','3012725',3,'2023-03-24 13:47:41','2023-03-25 10:27:51','2023-03-25 10:27:51','OK',1,NULL,NULL),(94,'ROQC-23-03-82','ACTE5CR1K06*TE3*2023-03-24*A*001','3012725',3,'2023-03-24 13:48:06','2023-03-28 23:45:00','2023-03-28 23:45:00','OK',2,NULL,NULL),(95,'ROQC-23-03-83','ACTL3CR3*TL2*2023-03-24*A10*001','3012725',3,'2023-03-24 14:48:34','2023-03-25 10:29:51','2023-03-25 10:29:51','OK',1,NULL,NULL),(96,'ROQC-23-03-84','ACTC12A05L*TC1*2023-03-24*D*001','3012725',3,'2023-03-24 14:49:40','2023-03-25 10:28:41','2023-03-25 10:28:41','OK',1,NULL,NULL),(97,'ROQC-23-03-85','ACTE5CR1K06*TE1*2023-03-05*D*001','3012725',2,'2023-03-24 15:20:31','2023-03-26 08:17:04',NULL,NULL,2,NULL,NULL),(98,'ROQC-23-03-86','ACTB23A18*TB3*2023-03-20*A*001','3012725',2,'2023-03-24 23:10:07','2023-03-25 03:19:42',NULL,NULL,1,NULL,NULL),(99,'ROQC-23-03-87','ACTE3CR2A06E*TE2*2023-03-24*B*001','3012995',2,'2023-03-25 01:39:06','2023-03-25 04:06:50',NULL,NULL,1,NULL,NULL),(100,'ROQC-23-03-88','ACTE3CR2A06E*TE2*2023-03-24*B*001','3012995',3,'2023-03-25 01:39:59','2023-03-25 23:38:07','2023-03-25 23:38:07','OK',1,NULL,NULL),(101,'ROQC-23-03-89','ACTC12A05L*TC1*2023-03-24*N*001','3012995',3,'2023-03-25 01:42:27','2023-03-25 23:41:56','2023-03-25 23:41:56','OK',1,NULL,NULL),(102,'ROQC-23-03-90','ACTE5CR1K06*TE3*2023-03-24*B*001','3012995',2,'2023-03-25 01:43:31','2023-03-25 07:35:27',NULL,NULL,1,NULL,NULL),(103,'ROQC-23-03-91','ACTE5CR1K06*TE1*2023-03-24*B*001','3012995',2,'2023-03-25 01:46:24','2023-03-25 07:36:47',NULL,NULL,1,NULL,NULL),(104,'ROQC-23-03-92','ACTBPCR4A89*TB1*2023-03-22*N*001','3012995',2,'2023-03-25 03:21:54','2023-03-26 07:45:57',NULL,NULL,2,NULL,NULL),(105,'ROQC-23-03-93','ACTB23A18*TB3*2023-03-20*A*001','3012995',3,'2023-03-25 03:23:27','2023-03-25 10:29:13','2023-03-25 10:29:13','OK',1,NULL,NULL),(106,'ROQC-23-03-94','ACTL3CR3*TL1*2023-03-24*B*001','3002806',2,'2023-03-25 03:33:24','2023-03-25 08:20:31',NULL,NULL,1,NULL,NULL),(107,'ROQC-23-03-95','ACTB23A18*TB3*2023-03-20*B*001','3002806',3,'2023-03-25 04:09:32','2023-03-26 12:22:45','2023-03-26 12:22:45','OK',1,NULL,NULL),(108,'ROQC-23-03-96','ACTC12A05L*TC1*2023-03-25*D*001','3002806',3,'2023-03-25 04:15:50','2023-03-26 12:21:19','2023-03-26 12:21:19','OK',1,NULL,NULL),(109,'ROQC-23-03-97','ACTB21A17*TB2*2023-03-24*B*001','3010869',3,'2023-03-25 09:42:30','2023-03-27 23:21:17','2023-03-27 23:21:17','OK',1,NULL,NULL),(110,'ROQC-23-03-98','ACTB21A17*TB2*2023-03-23*B*001','3010869',3,'2023-03-25 09:44:44','2023-03-26 12:18:55','2023-03-26 12:18:55','OK',1,NULL,NULL),(111,'ROQC-23-03-99','ACTB2LH3A23*TB4*2023-03-24*B*002','3010869',3,'2023-03-25 09:47:38','2023-03-27 23:24:13','2023-03-27 23:24:13','OK',2,NULL,NULL),(112,'ROQC-23-03-100','ACTB21A17*TB2*2023-03-24*A*001','3010869',2,'2023-03-25 10:03:38','2023-03-25 13:25:32',NULL,NULL,1,NULL,NULL),(113,'ROQC-23-03-101','ACTB21A17*TB2*2023-03-23*B*001','3010869',2,'2023-03-25 10:04:20','2023-03-25 12:38:43',NULL,NULL,1,NULL,NULL),(114,'ROQC-23-03-102','ACTC2CR2A22*TC1*2023-03-25*A*001','3010869',3,'2023-03-25 11:02:36','2023-03-28 02:01:05','2023-03-28 02:01:05','OK',1,NULL,NULL),(115,'ROQC-23-03-103','ACTE5CR1K06*TE1*2023-03-25*D*001','3010869',3,'2023-03-25 13:27:59','2023-03-27 10:45:42','2023-03-27 10:45:42','OK',2,NULL,NULL),(116,'ROQC-23-03-104','ACTE3CR2A06E*TE2*2023-03-25*A*001','3010869',3,'2023-03-25 13:29:16','2023-03-28 00:55:48','2023-03-28 00:55:48','OK',1,NULL,NULL),(117,'ROQC-23-03-105','ACTBPCR4A89*TB1*2023-03-25*D*001','3010869',3,'2023-03-25 13:30:07','2023-03-28 23:48:08','2023-03-28 23:48:08','OK',2,NULL,NULL),(118,'ROQC-23-03-106','ACTL3CR3*TL1*2023-03-25*A*001','3010869',3,'2023-03-25 13:31:26','2023-03-25 23:47:32','2023-03-25 23:47:32','OK',1,NULL,NULL),(119,'ROQC-23-03-107','ACTE5CR1K06*TE3*2023-03-25*A*001','3010869',3,'2023-03-25 13:32:32','2023-03-28 23:47:23','2023-03-28 23:47:23','OK',2,NULL,NULL),(120,'ROQC-23-03-108','ACTB1DR3A96*TB7*2023-03-23*A*001','3010869',3,'2023-03-25 13:43:42','2023-03-28 10:51:49','2023-03-28 10:51:49','OK',2,NULL,NULL),(121,'ROQC-23-03-109','ACTL3CR3*TL2*2023-03-24*B10*001','3010869',3,'2023-03-25 14:15:24','2023-03-27 10:37:45','2023-03-27 10:37:45','OK',2,NULL,NULL),(122,'ROQC-23-03-110','ACTB23A18*TB3*2023-03-21*A*001','3011035',3,'2023-03-26 01:39:50','2023-03-26 23:25:46','2023-03-26 23:25:46','OK',1,NULL,NULL),(123,'ROQC-23-03-111','ACTL3CR3*TL2*2023-03-25*B10*001','3011035',2,'2023-03-26 01:42:35','2023-03-26 02:10:33',NULL,NULL,1,NULL,NULL),(124,'ROQC-23-03-112','ACTL3CR3*TL2*2023-03-25*B10*001','3011035',3,'2023-03-26 01:43:09','2023-03-27 10:38:25','2023-03-27 10:38:25','OK',1,NULL,NULL),(125,'ROQC-23-03-113','ACTC2CR2A22*TC1*2023-03-25*N*001','3011035',3,'2023-03-26 01:45:07','2023-03-28 02:01:59','2023-03-28 02:01:59','OK',1,NULL,NULL),(126,'ROQC-23-03-114','ACTE5CR1K06*TE3*2023-03-25*B*001','3011035',2,'2023-03-26 01:46:18','2023-03-26 15:24:27',NULL,NULL,2,NULL,NULL),(127,'ROQC-23-03-115','ACTE5CR1K06*TE3*2023-03-25*B*001','3011035',2,'2023-03-26 01:47:02','2023-03-26 16:12:08',NULL,NULL,2,NULL,NULL),(128,'ROQC-23-03-116','ACTE3CR2A06E*TE2*2023-03-25*B*001','3011035',2,'2023-03-26 01:48:34','2023-03-26 02:35:54',NULL,NULL,1,NULL,NULL),(129,'ROQC-23-03-117','ACTB2CR2A60*TB5*2023-03-25*B*001','3011035',3,'2023-03-26 01:52:09','2023-03-26 23:24:45','2023-03-26 23:24:45','OK',1,NULL,NULL),(130,'ROQC-23-03-118','ACTL3CR3*TL1*2023-03-24*A*001','3011035',3,'2023-03-26 01:52:35','2023-03-27 10:36:42','2023-03-27 10:36:42','OK',1,NULL,NULL),(131,'ROQC-23-03-119','ACTL3CR3*TL1*2023-03-25*B*001','3012988',2,'2023-03-26 02:13:27','2023-03-26 04:07:46',NULL,NULL,1,NULL,NULL),(132,'ROQC-23-03-120','ACTB1DR3A72*TB7*2023-03-25*B*001','3013744',3,'2023-03-26 03:37:47','2023-03-27 10:43:39','2023-03-27 10:43:39','OK',1,NULL,NULL),(133,'ROQC-23-03-121','ACTB2LB3A27*TB5*2023-03-25*B*001','3013744',3,'2023-03-26 03:39:03','2023-03-28 00:54:54','2023-03-28 00:54:54','OK',3,NULL,NULL),(134,'ROQC-23-03-122','ACTC2CR2A22*TC1*2023-03-26*D*001','3013744',3,'2023-03-26 08:31:59','2023-03-26 23:35:02','2023-03-26 23:35:02','OK',1,NULL,NULL),(135,'ROQC-23-03-123','ACTB23A18*TB2*2023-03-25*B*001','3013744',3,'2023-03-26 09:33:46','2023-03-27 00:54:06','2023-03-27 00:54:06','OK',1,NULL,NULL),(136,'ROQC-23-03-124','ACTB2CR2A60*TB5*2023-03-25*A*001','3013744',2,'2023-03-26 09:36:15','2023-03-26 14:09:07',NULL,NULL,1,NULL,NULL),(137,'ROQC-23-03-125','ACTB2LH3A23*TB4*2023-03-25*A*001','3013744',2,'2023-03-26 09:39:45','2023-03-28 14:19:49',NULL,NULL,3,NULL,NULL),(138,'ROQC-23-03-126','ACTB13A14*TB4*2023-03-23*B*001','3013744',3,'2023-03-26 09:41:17','2023-03-27 23:27:14','2023-03-27 23:27:14','OK',3,NULL,NULL),(139,'ROQC-23-03-127','ACTB2LB3A27*TB5*2023-03-25*B*001','3013744',1,'2023-03-26 09:44:26','2023-03-26 09:44:26',NULL,NULL,3,NULL,NULL),(140,'ROQC-23-03-128','ACTC2CR2A22*TC1*2023-03-26*D*001','3013744',2,'2023-03-26 09:46:01','2023-03-26 13:04:53',NULL,NULL,1,NULL,NULL),(141,'ROQC-23-03-129','ACTB2C1A65*TB6*2023-03-14*N*001','3013744',3,'2023-03-26 09:47:14','2023-03-26 23:31:31','2023-03-26 23:31:31','OK',1,NULL,NULL),(142,'ROQC-23-03-130','ACTB2LH3A23*TB4*2023-03-25*B*001','3013744',3,'2023-03-26 09:51:48','2023-03-28 23:49:22','2023-03-28 23:49:22','OK',3,NULL,NULL),(143,'ROQC-23-03-131','ACTE5CR1K06*TE1*2023-03-26*D*001','3013744',3,'2023-03-26 13:06:39','2023-03-28 10:45:18','2023-03-28 10:45:18','OK',1,NULL,NULL),(144,'ROQC-23-03-132','ACTB13A14*TB4*2023-03-09*A*001','3013744',3,'2023-03-26 13:07:14','2023-03-26 23:29:50','2023-03-26 23:29:50','OK',1,NULL,NULL),(145,'ROQC-23-03-133','ACTB2C3A66*TB6*2023-03-22*D*001','3013744',3,'2023-03-26 13:10:42','2023-03-26 23:27:01','2023-03-26 23:27:01','OK',1,NULL,NULL),(146,'ROQC-23-03-134','ACTE5CR1K06*TE1*2023-03-25*N*001','3013744',3,'2023-03-26 13:11:48','2023-03-28 23:42:30','2023-03-28 23:42:30','OK',1,NULL,NULL),(147,'ROQC-23-03-135','ACTB13A14*TB4*2023-03-09*B*001','3013744',3,'2023-03-26 13:12:17','2023-03-26 23:28:37','2023-03-26 23:28:37','OK',1,NULL,NULL),(148,'ROQC-23-03-136','ACTC2CR2A22E*TC1*2023-03-26*D*001','3013744',3,'2023-03-26 13:12:48','2023-03-27 23:32:58','2023-03-27 23:32:58','OK',1,NULL,NULL),(149,'ROQC-23-03-137','ACTB2C3A66*TB6*2023-03-22*N*001','3013744',3,'2023-03-26 13:13:38','2023-03-26 23:27:50','2023-03-26 23:27:50','OK',1,NULL,NULL),(150,'ROQC-23-03-138','ACTL3CR3*TL1*2023-03-26*A*001','3012995',3,'2023-03-26 15:15:34','2023-03-27 10:39:08','2023-03-27 10:39:08','OK',1,NULL,NULL),(151,'ROQC-23-03-139','ACTE3CR2A06E*TE2*2023-03-26*D*001','3012995',2,'2023-03-26 15:16:17','2023-03-26 15:50:06',NULL,NULL,1,NULL,NULL),(152,'ROQC-23-03-140','ACTE5CR1K06*TE3*2023-03-26*D*001','3012995',3,'2023-03-26 15:16:41','2023-03-28 23:41:14','2023-03-28 23:41:14','OK',2,NULL,NULL),(153,'ROQC-23-03-141','ACTC1CR3A21*TC1*2023-03-26*D*001','3012995',3,'2023-03-26 18:46:23','2023-03-27 10:46:26','2023-03-27 10:46:26','OK',1,NULL,NULL),(154,'ROQC-23-03-142','ACTB2C3A66*TB6*2023-03-23*D*001','3012995',2,'2023-03-26 21:03:22','2023-03-27 01:31:14',NULL,NULL,1,NULL,NULL),(155,'ROQC-23-03-143','ACTB23A18*TB2*2023-03-25*A*001','3012995',3,'2023-03-26 21:04:51','2023-03-27 10:42:41','2023-03-27 10:42:41','OK',1,NULL,NULL),(156,'ROQC-23-03-144','ACTB23A18*TB2*2023-03-26*A*001','3012995',3,'2023-03-26 21:05:35','2023-03-27 10:43:07','2023-03-27 10:43:07','OK',1,NULL,NULL),(157,'ROQC-23-03-145','ACTB13A14*TB4*2023-03-22*B*001','3012995',3,'2023-03-26 21:06:18','2023-03-27 10:40:48','2023-03-27 10:40:48','OK',1,NULL,NULL),(158,'ROQC-23-03-146','ACTC2CR2A22E*TC1*2023-03-26*N*001','3012995',3,'2023-03-26 21:53:43','2023-03-28 10:40:36','2023-03-28 10:40:36','OK',1,NULL,NULL),(159,'ROQC-23-03-147','ACTB13A14*TB4*2023-03-23*A*001','3012995',3,'2023-03-26 23:19:36','2023-03-27 10:40:21','2023-03-27 10:40:21','OK',1,NULL,NULL),(160,'ROQC-23-03-148','ACTB2C3A66*TB6*2023-03-23*N*001','3012995',2,'2023-03-26 23:20:33','2023-03-27 03:54:56',NULL,NULL,1,NULL,NULL),(161,'ROQC-23-03-149','ACTB2C3A66*TB2*2023-03-26*A*001','3012995',2,'2023-03-26 23:21:06','2023-03-27 05:18:41',NULL,NULL,1,NULL,NULL),(162,'ROQC-23-03-150','ACTB2C3A66*TB2*2023-03-26*A*001','3012995',2,'2023-03-26 23:21:33','2023-03-27 05:18:54',NULL,NULL,1,NULL,NULL),(163,'ROQC-23-03-151','ACTC2CR2A22E*TC1*2023-03-26*N*001','3011035',2,'2023-03-27 01:07:48','2023-03-27 02:23:53',NULL,NULL,1,NULL,NULL),(164,'ROQC-23-03-152','ACTB23A18*TB3*2023-03-21*B*001','3003289',3,'2023-03-27 06:45:35','2023-03-27 23:32:12','2023-03-27 23:32:12','OK',1,NULL,NULL),(165,'ROQC-23-03-153','ACTB2C3A66*TB2*2023-03-26*N*001','3003289',3,'2023-03-27 06:46:42','2023-03-27 23:31:15','2023-03-27 23:31:15','OK',1,NULL,NULL),(166,'ROQC-23-03-154','ACTBPCR4A89*TB1*2023-03-26*N*001','3011035',2,'2023-03-27 07:04:27','2023-03-27 15:39:20',NULL,NULL,2,NULL,NULL),(167,'ROQC-23-03-155','ACTBPCR4A89*TB1*2023-03-26*D*001','3011035',2,'2023-03-27 07:05:42','2023-03-27 15:58:55',NULL,NULL,2,NULL,NULL),(168,'ROQC-23-03-156','ACTB23A18*TB3*2023-03-22*A*001','3011035',3,'2023-03-27 07:09:40','2023-03-28 00:54:10','2023-03-28 00:54:10','OK',1,NULL,NULL),(169,'ROQC-23-03-157','ACTB13A14*TB4*2023-03-24*A*001','3011035',3,'2023-03-27 07:11:07','2023-03-27 10:41:24','2023-03-27 10:41:24','OK',2,NULL,NULL),(170,'ROQC-23-03-158','ACTB2C3A66*TB6*2023-03-24*D*001','3011035',3,'2023-03-27 07:11:46','2023-03-27 23:26:06','2023-03-27 23:26:06','OK',1,NULL,NULL),(171,'ROQC-23-03-159','ACTB2CR2A60*TB5*2023-03-24*A*001','3012894',2,'2023-03-27 08:58:29','2023-03-27 14:48:40',NULL,NULL,1,NULL,NULL),(172,'ROQC-23-03-160','ACTB2CR2A60*TB5*2023-03-25*A*001','3012894',3,'2023-03-27 09:00:41','2023-03-27 23:27:59','2023-03-27 23:27:59','OK',1,NULL,NULL),(173,'ROQC-23-03-161','ACTB2C1A65*TB6*2023-03-16*D*001','3012894',3,'2023-03-27 09:03:12','2023-03-27 23:23:17','2023-03-27 23:23:17','OK',1,NULL,NULL),(174,'ROQC-23-03-162','ACTC2CR2A22E*TC1*2023-03-27*D*001','3012894',3,'2023-03-27 13:16:08','2023-03-28 23:50:29','2023-03-28 23:50:29','OK',1,NULL,NULL),(175,'ROQC-23-03-163','ACTB1DR3A96*TB7*2023-03-27*D*001','3012894',2,'2023-03-27 13:17:12','2023-03-27 21:06:21',NULL,NULL,2,NULL,NULL),(176,'ROQC-23-03-164','ACTE5CR1K06*TE1*2023-03-26*N*001','3012894',3,'2023-03-27 13:18:21','2023-03-28 10:43:37','2023-03-28 10:43:37','OK',2,NULL,NULL),(177,'ROQC-23-03-165','ACTB1DR3A96*TB5*2023-03-27*A*001','3012894',2,'2023-03-27 13:18:55','2023-03-28 12:25:58',NULL,NULL,3,NULL,NULL),(178,'ROQC-23-03-166','ACTB2C3A66*TB6*2023-03-25*D*001','3012894',2,'2023-03-27 13:19:39','2023-03-27 15:23:54',NULL,NULL,1,NULL,NULL),(179,'ROQC-23-03-167','ACTE5CR1K06*TE3*2023-03-27*A*001','3012894',2,'2023-03-27 13:20:42','2023-03-28 03:26:33',NULL,NULL,2,NULL,NULL),(180,'ROQC-23-03-168','ACTBPCR4A89*TB1*2023-03-27*D*001','3012894',2,'2023-03-27 13:21:41','2023-03-28 13:08:32',NULL,NULL,3,NULL,NULL),(181,'ROQC-23-03-169','ACTL3CR3*TL1*2023-03-27*A*001','3012894',2,'2023-03-27 13:22:53','2023-03-28 02:37:26',NULL,NULL,2,NULL,NULL),(182,'ROQC-23-03-170','ACTE5CR1K06*TE1*2023-03-27*D*001','3012894',3,'2023-03-27 13:24:04','2023-03-28 23:45:44','2023-03-28 23:45:44','OK',2,NULL,NULL),(183,'ROQC-23-03-171','ACTE3CR2A06E*TE2*2023-03-27*A*001','3012894',2,'2023-03-27 13:25:18','2023-03-27 14:28:15',NULL,NULL,1,NULL,NULL),(184,'ROQC-23-03-172','ACTB2C1A65*TB6*2023-03-26*D*002','3012894',3,'2023-03-27 13:26:28','2023-03-29 00:51:27','2023-03-29 00:51:27','OK',1,NULL,NULL),(185,'ROQC-23-03-173','ACTB2C3A66*TB6*2023-03-24*N*001','3009635',3,'2023-03-27 13:29:52','2023-03-27 23:30:26','2023-03-27 23:30:26','OK',1,NULL,NULL),(186,'ROQC-23-03-174','ACTE3CR2A06E*TE2*2023-03-22*B*001','3009635',2,'2023-03-27 14:47:22','2023-03-27 15:03:52',NULL,NULL,1,NULL,NULL),(187,'ROQC-23-03-175','ACTBPCR4A89*TB1*2023-03-25*N*001','3009635',2,'2023-03-27 15:44:52','2023-03-28 01:48:01',NULL,NULL,2,NULL,NULL),(188,'ROQC-23-03-176','ACTC2CR2A22E*TC1*2023-03-27*N*001','3009635',2,'2023-03-27 21:16:23','2023-03-28 00:39:36',NULL,NULL,1,NULL,NULL),(189,'ROQC-23-03-177','ACTE3CR2A06E*TE2*2023-03-27*B*001','3012894',2,'2023-03-28 02:13:46','2023-03-28 02:34:24',NULL,NULL,1,NULL,NULL),(190,'ROQC-23-03-178','ACTL3CR3*TL2*2023-03-27*A10*001','3012894',3,'2023-03-28 02:14:22','2023-03-28 23:46:32','2023-03-28 23:46:32','OK',2,NULL,NULL),(191,'ROQC-23-03-179','ACTL3CR3*TL1*2023-03-27*B*001','3012894',2,'2023-03-28 02:15:30','2023-03-28 13:06:32',NULL,NULL,2,NULL,NULL),(192,'ROQC-23-03-180','ACTE5CR1K06*TE1*2023-03-27*N*001','3012894',2,'2023-03-28 02:16:17','2023-03-28 13:30:03',NULL,NULL,2,NULL,NULL),(193,'ROQC-23-03-181','ACTL3CR3*TL2*2023-03-27*B*001','3012894',2,'2023-03-28 02:25:47','2023-03-28 13:33:14',NULL,NULL,2,NULL,NULL),(194,'ROQC-23-03-182','ACTB2C1A65*TB6*2023-03-16*N*001','3012844',3,'2023-03-28 09:07:10','2023-03-29 00:50:58','2023-03-29 00:50:58','OK',1,0,NULL),(196,'ROQC-23-03-184','ACTC3R2*TC1*2023-03-28*D*001','3012844',3,'2023-03-28 10:26:23','2023-03-28 23:43:18','2023-03-28 23:43:18','OK',1,0,NULL),(197,'ROQC-23-03-185','ACTB1DR3A96*TB5*2023-03-27*B*001','3012844',2,'2023-03-28 10:37:30','2023-03-28 10:38:28',NULL,NULL,1,0,NULL),(198,'ROQC-23-03-186','ACTC3CR7A17*TC1*2023-03-28*D*001','3012844',3,'2023-03-28 10:54:49','2023-03-29 00:58:26','2023-03-29 00:58:26','OK',1,0,NULL),(199,'ROQC-23-03-187','ACTC2CR2A22E*TC1*2023-03-28*D*001','3012844',2,'2023-03-28 11:00:06','2023-03-28 11:01:47',NULL,NULL,1,0,NULL),(200,'ROQC-23-03-188','ACTBPCR4A89*TB1*2023-03-27*N*001','3012844',2,'2023-03-28 11:03:59','2023-03-28 14:36:17',NULL,NULL,2,0,NULL),(201,'ROQC-23-03-189','ACTE3CR2A06E*TE2*2023-03-28*A*001','3012844',2,'2023-03-28 13:09:54','2023-03-29 00:59:42',NULL,NULL,2,0,NULL),(202,'ROQC-23-03-190','ACTE5CR1K06*TE1*2023-03-28*D*001','3012844',2,'2023-03-28 13:14:30','2023-03-28 14:20:30',NULL,NULL,1,0,NULL),(203,'ROQC-23-03-191','ACTL3CR3*TL2*2023-03-28*A10*001','3012844',2,'2023-03-28 13:15:51','2023-03-28 15:22:15',NULL,NULL,2,0,NULL),(204,'ROQC-23-03-192','ACTB1DR3A96*TB7*2023-03-28*A*001','3012844',2,'2023-03-28 13:16:25','2023-03-29 01:25:33',NULL,NULL,2,0,NULL),(205,'ROQC-23-03-193','ACTB23A18*TB5*2023-03-28*A*001','3012844',2,'2023-03-28 13:17:02','2023-03-29 01:55:33',NULL,NULL,2,0,NULL),(206,'ROQC-23-03-194','ACTL3CR3*TL1*2023-03-28*A*001','3012844',2,'2023-03-28 14:00:02','2023-03-28 15:21:44',NULL,NULL,2,0,NULL),(207,'ROQC-23-03-195','ACTB2C1A65*TB6*2023-03-26*N*001','3012844',2,'2023-03-28 20:21:41','2023-03-29 00:54:53',NULL,NULL,1,0,NULL),(208,'ROQC-23-03-196','ACTBPCR4A89*TB1*2023-03-28*N*001','3012844',2,'2023-03-29 01:52:32','2023-03-29 02:14:07',NULL,NULL,2,0,NULL),(209,'ROQC-23-03-197','ACTC2CR2A22*TC1*2023-03-28*N*001','3012844',2,'2023-03-29 01:54:24','2023-03-29 02:56:54',NULL,NULL,2,0,NULL),(210,'ROQC-23-03-198','ACTE5CR1K06*TE1*2023-03-28*N*001','3012844',2,'2023-03-29 01:54:48','2023-03-29 03:39:03',NULL,NULL,2,0,NULL),(211,'ROQC-23-03-199','ACTB1D3A85*TB2*2023-03-08*B*001','3012844',2,'2023-03-29 01:57:07','2023-03-29 05:56:34',NULL,NULL,2,0,NULL),(212,'ROQC-23-03-200','ACTB2CR2A60*TB3*2023-03-28*B*001','3012844',1,'2023-03-29 02:00:01','2023-03-29 02:00:01',NULL,NULL,2,0,NULL),(213,'ROQC-23-03-201','ACTB1DR3A96*TB7*2023-03-01*A*001','3012844',1,'2023-03-29 02:01:08','2023-03-29 02:01:08',NULL,NULL,2,0,NULL),(214,'ROQC-23-03-202','ACTL3CR3*TL1*2023-03-28*B*001','3012844',1,'2023-03-29 02:01:41','2023-03-29 02:01:41',NULL,NULL,2,0,NULL),(215,'ROQC-23-03-203','ACTBPCR4A89*TB1*2023-03-28*D*001','3012844',1,'2023-03-29 02:02:31','2023-03-29 02:02:31',NULL,NULL,2,0,NULL),(216,'ROQC-23-03-204','ACTE3CR2A06E*TE2*2023-03-28*B*001','3012844',1,'2023-03-29 02:04:17','2023-03-29 02:04:17',NULL,NULL,2,0,NULL),(217,'ROQC-23-03-205','ACTE5CR1K06*TE3*2023-03-28*B*001','3012844',1,'2023-03-29 02:05:36','2023-03-29 02:05:36',NULL,NULL,2,0,NULL),(218,'ROQC-23-03-206','ACTB2LH3A23*TB4*2023-03-27*B*001','3012844',1,'2023-03-29 02:06:29','2023-03-29 02:06:29',NULL,NULL,2,0,NULL),(219,'ROQC-23-03-207','ACTB1DR3A96*TB7*2023-03-07*B*001','3012844',1,'2023-03-29 02:10:34','2023-03-29 02:10:34',NULL,NULL,2,0,NULL),(242,'ROQC-23-03-208','ACTL3CR3*TL1*2022-10-12*C8*001','3012982',1,'2023-03-29 02:10:34','2023-03-29 08:11:40','2023-03-29 08:11:40','NG',3,0,'Hưng test'),(245,'ROQC-23-03-1','ACTL3CR3*TL1*2022-10-12*C8*001','3012982',1,'2023-03-29 02:10:34','2023-03-29 08:14:56','2023-03-29 08:14:56','NG',3,1,'Hưng test'),(246,'ROQC-23-03-209','ACTL3CR3*TL1*2022-10-12*C8*001','3012982',1,'2023-03-29 08:14:56','2023-03-29 08:14:56',NULL,NULL,3,5000,NULL),(247,'ROQC-23-03-210','ACTBPDH4*TB1*2023-01-14*N*002','3012982',1,'2023-03-29 08:19:21','2023-03-29 08:19:21',NULL,NULL,3,0,'Hưng test'),(248,'ROQC-23-03-211','ACTB2C3A66*TB6*2023-03-27*N*001','3004545',1,'2023-03-29 08:24:35','2023-03-29 08:24:35',NULL,NULL,1,0,NULL),(249,'ROQC-23-03-212','ACTB2LH3A23*TB4*2023-03-28*B*001','3004545',1,'2023-03-29 08:26:41','2023-03-29 08:26:41',NULL,NULL,2,0,NULL),(250,'ROQC-23-03-213','ACTB2C3A66*TB6*2023-03-25*N*001','3004545',1,'2023-03-29 08:27:14','2023-03-29 08:27:14',NULL,NULL,2,0,NULL);
/*!40000 ALTER TABLE `oqc_request` ENABLE KEYS */;
UNLOCK TABLES;

--
-- Table structure for table `oqc_request_priority`
--

DROP TABLE IF EXISTS `oqc_request_priority`;
/*!40101 SET @saved_cs_client     = @@character_set_client */;
/*!40101 SET character_set_client = utf8 */;
CREATE TABLE `oqc_request_priority` (
  `id` int(11) NOT NULL AUTO_INCREMENT,
  `name` varchar(45) DEFAULT NULL,
  PRIMARY KEY (`id`)
) ENGINE=InnoDB AUTO_INCREMENT=4 DEFAULT CHARSET=utf8;
/*!40101 SET character_set_client = @saved_cs_client */;

--
-- Dumping data for table `oqc_request_priority`
--

LOCK TABLES `oqc_request_priority` WRITE;
/*!40000 ALTER TABLE `oqc_request_priority` DISABLE KEYS */;
INSERT INTO `oqc_request_priority` VALUES (1,'Cao'),(2,'Trung bình'),(3,'Thấp');
/*!40000 ALTER TABLE `oqc_request_priority` ENABLE KEYS */;
UNLOCK TABLES;

--
-- Table structure for table `oqc_request_status`
--

DROP TABLE IF EXISTS `oqc_request_status`;
/*!40101 SET @saved_cs_client     = @@character_set_client */;
/*!40101 SET character_set_client = utf8 */;
CREATE TABLE `oqc_request_status` (
  `id` int(11) NOT NULL AUTO_INCREMENT,
  `name` varchar(45) DEFAULT NULL,
  PRIMARY KEY (`id`)
) ENGINE=InnoDB AUTO_INCREMENT=4 DEFAULT CHARSET=utf8;
/*!40101 SET character_set_client = @saved_cs_client */;

--
-- Dumping data for table `oqc_request_status`
--

LOCK TABLES `oqc_request_status` WRITE;
/*!40000 ALTER TABLE `oqc_request_status` DISABLE KEYS */;
INSERT INTO `oqc_request_status` VALUES (1,'Chờ xử lý'),(2,'Đang xử lý'),(3,'Đã xử lý');
/*!40000 ALTER TABLE `oqc_request_status` ENABLE KEYS */;
UNLOCK TABLES;
/*!40103 SET TIME_ZONE=@OLD_TIME_ZONE */;

/*!40101 SET SQL_MODE=@OLD_SQL_MODE */;
/*!40014 SET FOREIGN_KEY_CHECKS=@OLD_FOREIGN_KEY_CHECKS */;
/*!40014 SET UNIQUE_CHECKS=@OLD_UNIQUE_CHECKS */;
/*!40101 SET CHARACTER_SET_CLIENT=@OLD_CHARACTER_SET_CLIENT */;
/*!40101 SET CHARACTER_SET_RESULTS=@OLD_CHARACTER_SET_RESULTS */;
/*!40101 SET COLLATION_CONNECTION=@OLD_COLLATION_CONNECTION */;
/*!40111 SET SQL_NOTES=@OLD_SQL_NOTES */;

-- Dump completed on 2023-03-29 15:34:18
